scope,omitted_host_fold,training_listings,training_hosts,term,coefficient,host_clustered_se,coefficient_ci95_lower,coefficient_ci95_upper,odds_ratio,odds_ratio_ci95_lower,odds_ratio_ci95_upper,direction
full_sample,,3873,1726,one_nightYes,1.16183405437472,0.191715299307777,0.786072067731473,1.53759604101796,3.19578915555547,2.19475860981767,4.65339025489204,positive
full_sample,,3873,1726,price_vs_similar_10,-0.128270584034025,0.0348198559659499,-0.196517501727286,-0.0600236663407628,0.879615337074609,0.821586951978647,0.941742245727616,negative
host_training_fold,0,3155,1395,one_nightYes,1.06977198104884,0.215384160529315,0.647619026411378,1.49192493568629,2.91471481398455,1.9109854022196,4.44564486834562,positive
host_training_fold,0,3155,1395,price_vs_similar_10,-0.124115012432503,0.0379737246558562,-0.198543512757981,-0.0496865121070249,0.883278247060815,0.819924092805575,0.951527670154495,negative
host_training_fold,1,3059,1350,one_nightYes,1.20601425818585,0.202422939627869,0.80926529651523,1.60276321985648,3.34014513015181,2.2462570473949,4.96673766852093,positive
host_training_fold,1,3059,1350,price_vs_similar_10,-0.123437894466697,0.0425671390234751,-0.206869486952708,-0.0400063019806854,0.883876533162981,0.813125766584249,0.960783384294914,negative
host_training_fold,2,3113,1397,one_nightYes,1.06725987421181,0.191160618100876,0.69258506273409,1.44193468568952,2.90740192819332,1.99887608026554,4.22886944094067,positive
host_training_fold,2,3113,1397,price_vs_similar_10,-0.118719393656031,0.0349425428072575,-0.187206777558255,-0.0502320097538061,0.888056960219297,0.829272243765908,0.951008755595782,negative
host_training_fold,3,3124,1394,one_nightYes,1.34348723738072,0.212258195376189,0.927461174443392,1.75951330031805,3.83238466501221,2.52808266229685,5.80960917127487,positive
host_training_fold,3,3124,1394,price_vs_similar_10,-0.13119363512433,0.0347178451600569,-0.199240611638042,-0.0631466586106189,0.877047930662621,0.819352723812226,0.938805779641088,negative
host_training_fold,4,3041,1368,one_nightYes,1.14847029767209,0.229755871846566,0.698148788852817,1.59879180649136,3.15336550782909,2.01002827443035,4.94705181636527,positive
host_training_fold,4,3041,1368,price_vs_similar_10,-0.14053117055301,0.0400590349505107,-0.219046879056011,-0.0620154620500092,0.868896580523737,0.803284060072501,0.939868354387241,negative
