split,test_listings,old_auc,corrected_auc,auc_change,old_precision,corrected_precision,precision_change_pp
1,1167,0.72796891473379,0.72796891473379,2.22044604925031e-16,0.445205479452055,0.445205479452055,-2.22044604925031e-14
2,1063,0.728696615147576,0.728696615147576,-3.33066907387547e-16,0.451127819548872,0.451127819548872,1.66533453693773e-14
3,1227,0.722825072436714,0.722825072436714,2.22044604925031e-16,0.374592833876222,0.374592833876222,-4.9960036108132e-14
4,1316,0.695542380324989,0.695542380324989,0,0.483282674772037,0.483282674772037,-5.55111512312578e-14
5,1052,0.746130291322651,0.746130291322651,3.33066907387547e-16,0.460076045627376,0.460076045627376,4.44089209850063e-14
6,1110,0.720547694535387,0.720547694535387,-5.55111512312578e-16,0.464028776978417,0.464028776978417,2.77555756156289e-14
7,1288,0.681348820707421,0.681348820707421,3.33066907387547e-16,0.428571428571429,0.428571428571429,-4.44089209850063e-14
8,1220,0.729725158854248,0.729725158854248,-4.44089209850063e-16,0.462295081967213,0.462295081967213,1.66533453693773e-14
9,1172,0.661981822979526,0.661981822979526,0,0.303754266211604,0.303754266211604,1.11022302462516e-14
10,1254,0.76498872388409,0.76498872388409,0,0.557324840764331,0.557324840764331,2.22044604925031e-14
11,1165,0.702323461292071,0.702323461292071,1.11022302462516e-16,0.393835616438356,0.393835616438356,1.66533453693773e-14
12,1063,0.713167306709739,0.713167306709739,0,0.530075187969925,0.530075187969925,-2.22044604925031e-14
13,1234,0.691740318174514,0.691740318174514,-1.11022302462516e-16,0.365695792880259,0.365695792880259,-1.11022302462516e-14
14,1081,0.607433990545371,0.607433990545371,-2.22044604925031e-16,0.199261992619926,0.199261992619926,1.94289029309402e-14
15,1154,0.725084516565247,0.725084516565247,-2.22044604925031e-16,0.408304498269896,0.408304498269896,1.66533453693773e-14
16,1195,0.671671365385914,0.671671365385914,0,0.324414715719064,0.324414715719064,-4.44089209850063e-14
17,1000,0.720812597667989,0.720812597667989,-1.11022302462516e-16,0.508,0.508,0
18,1042,0.74957263369133,0.74957263369133,1.11022302462516e-16,0.509578544061303,0.509578544061303,-3.33066907387547e-14
19,1270,0.729666446924141,0.729666446924141,-3.33066907387547e-16,0.374213836477987,0.374213836477987,3.88578058618805e-14
20,1358,0.678202513966481,0.678202513966481,-5.55111512312578e-16,0.441176470588235,0.441176470588235,2.77555756156289e-14
21,1114,0.765529697030297,0.765529697030297,-1.11022302462516e-16,0.544802867383513,0.544802867383513,-4.44089209850063e-14
22,1226,0.660826631411427,0.660826631411427,-4.44089209850063e-16,0.407166123778502,0.407166123778502,-3.33066907387547e-14
23,1106,0.653061018536459,0.653061018536459,3.33066907387547e-16,0.418772563176895,0.418772563176895,3.33066907387547e-14
24,1161,0.721761996660371,0.721761996660371,-3.33066907387547e-16,0.553264604810997,0.553264604810997,-4.44089209850063e-14
25,1231,0.678275229992391,0.678275229992391,2.22044604925031e-16,0.418831168831169,0.418831168831169,-1.66533453693773e-14
26,1179,0.661137363473622,0.661137363473622,4.44089209850063e-16,0.440677966101695,0.440677966101695,-1.11022302462516e-14
27,1227,0.657435747755707,0.657435747755707,3.33066907387547e-16,0.342019543973941,0.342019543973941,3.33066907387547e-14
28,1117,0.725570195555185,0.725570195555185,-1.11022302462516e-16,0.471428571428571,0.471428571428571,4.44089209850063e-14
29,1156,0.633269102673899,0.633269102673899,-4.44089209850063e-16,0.231833910034602,0.231833910034602,8.32667268468867e-15
30,1100,0.79327221843647,0.79327221843647,1.11022302462516e-16,0.549090909090909,0.549090909090909,1.11022302462516e-14
31,1391,0.679013218077726,0.679013218077726,-3.33066907387547e-16,0.396551724137931,0.396551724137931,5.55111512312578e-15
32,1234,0.795357705767638,0.795357705767638,2.22044604925031e-16,0.592233009708738,0.592233009708738,-2.22044604925031e-14
33,1174,0.675764546406786,0.675764546406786,0,0.343537414965986,0.343537414965986,3.88578058618805e-14
34,1427,0.715258277685721,0.715258277685721,-2.22044604925031e-16,0.523809523809524,0.523809523809524,-1.11022302462516e-14
35,1280,0.68933489394778,0.68933489394778,-1.11022302462516e-16,0.465625,0.465625,0
36,1029,0.738722828990959,0.738722828990959,0,0.465116279069768,0.465116279069768,-5.55111512312578e-14
37,1246,0.722791246887632,0.722791246887632,4.44089209850063e-16,0.445512820512821,0.445512820512821,-4.44089209850063e-14
38,1290,0.719962136923944,0.719962136923944,2.22044604925031e-16,0.405572755417957,0.405572755417957,-3.33066907387547e-14
39,1285,0.74404254081514,0.74404254081514,-5.55111512312578e-16,0.481366459627329,0.481366459627329,2.22044604925031e-14
40,1055,0.781054914343786,0.781054914343786,2.22044604925031e-16,0.59469696969697,0.59469696969697,-2.22044604925031e-14
41,999,0.699020089697119,0.699020089697119,-4.44089209850063e-16,0.36,0.36,0
42,1235,0.658264054825435,0.658264054825435,-3.33066907387547e-16,0.294498381877023,0.294498381877023,-3.33066907387547e-14
43,1253,0.665693370336958,0.665693370336958,0,0.366242038216561,0.366242038216561,-4.9960036108132e-14
44,1224,0.698537740706415,0.698537740706415,4.44089209850063e-16,0.366013071895425,0.366013071895425,-1.66533453693773e-14
45,1230,0.683703228965636,0.683703228965636,4.44089209850063e-16,0.425324675324675,0.425324675324675,3.33066907387547e-14
46,1096,0.645771175860683,0.645771175860683,-3.33066907387547e-16,0.361313868613139,0.361313868613139,-3.33066907387547e-14
47,1294,0.741434695036926,0.741434695036926,0,0.441358024691358,0.441358024691358,5.55111512312578e-15
48,1050,0.775124162841448,0.775124162841448,-2.22044604925031e-16,0.513307984790874,0.513307984790874,4.44089209850063e-14
49,1110,0.766115351993215,0.766115351993215,-4.44089209850063e-16,0.546762589928058,0.546762589928058,-4.44089209850063e-14
50,1270,0.705066455604568,0.705066455604568,-5.55111512312578e-16,0.459119496855346,0.459119496855346,-5.55111512312578e-15
