design,split,fill_one_night,observed_train_no,observed_train_yes,train_missing_minimum,test_missing_minimum,unseen_test_segments
host_fold,0,No,1652,1501,2,1,0
host_fold,1,No,1641,1415,3,0,0
host_fold,2,No,1784,1326,3,0,0
host_fold,3,No,1751,1372,1,2,0
host_fold,4,No,1668,1370,3,0,0
repeated_host_split,1,No,1557,1147,2,1,0
repeated_host_split,2,No,1491,1316,3,0,0
repeated_host_split,3,No,1418,1226,2,1,0
repeated_host_split,4,No,1526,1029,2,1,0
repeated_host_split,5,No,1526,1292,3,0,0
repeated_host_split,6,No,1597,1164,2,1,0
repeated_host_split,7,No,1402,1181,2,1,0
repeated_host_split,8,No,1494,1156,3,0,0
repeated_host_split,9,No,1486,1212,3,0,0
repeated_host_split,10,No,1423,1195,1,2,0
repeated_host_split,11,No,1519,1189,0,3,0
repeated_host_split,12,No,1520,1287,3,0,0
repeated_host_split,13,No,1475,1163,1,2,0
repeated_host_split,14,No,1513,1277,2,1,0
repeated_host_split,15,No,1463,1253,3,0,0
repeated_host_split,16,No,1492,1185,1,2,0
repeated_host_split,17,No,1493,1377,3,0,0
repeated_host_split,18,No,1555,1273,3,0,0
repeated_host_split,19,No,1351,1250,2,1,0
repeated_host_split,20,No,1403,1111,1,2,0
repeated_host_split,21,No,1497,1261,1,2,0
repeated_host_split,22,No,1507,1138,2,1,0
repeated_host_split,23,No,1539,1226,2,1,0
repeated_host_split,24,No,1452,1257,3,0,0
repeated_host_split,25,No,1396,1244,2,1,0
repeated_host_split,26,No,1510,1181,3,0,0
repeated_host_split,27,No,1504,1140,2,1,0
repeated_host_split,28,No,1575,1180,1,2,0
repeated_host_split,29,No,1516,1198,3,0,0
repeated_host_split,30,No,1461,1309,3,0,0
repeated_host_split,31,No,1385,1095,2,1,0
repeated_host_split,32,No,1473,1164,2,1,0
repeated_host_split,33,No,1525,1173,1,2,0
repeated_host_split,34,No,1381,1063,2,1,0
repeated_host_split,35,No,1429,1162,2,1,0
repeated_host_split,36,No,1508,1333,3,0,0
repeated_host_split,37,No,1506,1118,3,0,0
repeated_host_split,38,No,1374,1208,1,2,0
repeated_host_split,39,No,1397,1189,2,1,0
repeated_host_split,40,No,1533,1284,1,2,0
repeated_host_split,41,No,1530,1342,2,1,0
repeated_host_split,42,No,1491,1146,1,2,0
repeated_host_split,43,No,1445,1173,2,1,0
repeated_host_split,44,No,1405,1241,3,0,0
repeated_host_split,45,No,1396,1246,1,2,0
repeated_host_split,46,No,1523,1251,3,0,0
repeated_host_split,47,No,1389,1188,2,1,0
repeated_host_split,48,No,1549,1271,3,0,0
repeated_host_split,49,No,1530,1230,3,0,0
repeated_host_split,50,No,1374,1227,2,1,0
