split,test_listings,auc,hit_rate_top_quarter,test_busy_share
1,1167,0.72796891473379,0.445205479452055,0.232219365895458
2,1063,0.728696615147576,0.451127819548872,0.242709313264346
3,1227,0.722825072436714,0.374592833876222,0.206193969030155
4,1316,0.695542380324989,0.483282674772037,0.300911854103344
5,1052,0.746130291322651,0.460076045627376,0.240494296577947
6,1110,0.720547694535387,0.464028776978417,0.285585585585586
7,1288,0.681348820707421,0.428571428571429,0.266304347826087
8,1220,0.729725158854248,0.462295081967213,0.264754098360656
9,1172,0.661981822979526,0.303754266211604,0.214163822525597
10,1254,0.76498872388409,0.557324840764331,0.263955342902711
11,1165,0.702323461292071,0.393835616438356,0.234334763948498
12,1063,0.713167306709739,0.530075187969925,0.312323612417686
13,1234,0.691740318174514,0.365695792880259,0.205834683954619
14,1081,0.607433990545371,0.199261992619926,0.181313598519889
15,1154,0.725084516565247,0.408304498269896,0.220970537261698
16,1195,0.671671365385914,0.324414715719064,0.210041841004184
17,1000,0.720812597667989,0.508,0.295
18,1042,0.74957263369133,0.509578544061303,0.272552783109405
19,1270,0.729666446924141,0.374213836477987,0.190551181102362
20,1358,0.678202513966481,0.441176470588235,0.263622974963181
21,1114,0.765529697030297,0.544802867383513,0.262118491921005
22,1226,0.660826631411427,0.407166123778502,0.250407830342577
23,1106,0.653061018536459,0.418772563176895,0.282097649186257
24,1161,0.721761996660371,0.553264604810997,0.317829457364341
25,1231,0.678275229992391,0.418831168831169,0.256701868399675
26,1179,0.661137363473622,0.440677966101695,0.273112807463953
27,1227,0.657435747755707,0.342019543973941,0.214343928280359
28,1117,0.725570195555185,0.471428571428571,0.259623992837959
29,1156,0.633269102673899,0.231833910034602,0.195501730103806
30,1100,0.79327221843647,0.549090909090909,0.260909090909091
31,1391,0.679013218077726,0.396551724137931,0.278936017253774
32,1234,0.795357705767638,0.592233009708738,0.26904376012966
33,1174,0.675764546406786,0.343537414965986,0.229131175468484
34,1427,0.715258277685721,0.523809523809524,0.271899088997898
35,1280,0.68933489394778,0.465625,0.28046875
36,1029,0.738722828990959,0.465116279069768,0.229348882410107
37,1246,0.722791246887632,0.445512820512821,0.267255216693419
38,1290,0.719962136923944,0.405572755417957,0.216279069767442
39,1285,0.74404254081514,0.481366459627329,0.249805447470817
40,1055,0.781054914343786,0.59469696969697,0.272037914691943
41,999,0.699020089697119,0.36,0.205205205205205
42,1235,0.658264054825435,0.294498381877023,0.196761133603239
43,1253,0.665693370336958,0.366242038216561,0.245011971268955
44,1224,0.698537740706415,0.366013071895425,0.20343137254902
45,1230,0.683703228965636,0.425324675324675,0.242276422764228
46,1096,0.645771175860683,0.361313868613139,0.269160583941606
47,1294,0.741434695036926,0.441358024691358,0.223338485316847
48,1050,0.775124162841448,0.513307984790874,0.260952380952381
49,1110,0.766115351993215,0.546762589928058,0.291891891891892
50,1270,0.705066455604568,0.459119496855346,0.260629921259843
