lga,configuration,listings,hosts,busy_listings,busy_share,median_price,median_est_revenue,median_est_revenue_busy,median_est_nights,rank_busy_share,rank_median_revenue,busy_share_ci90_lo,busy_share_ci90_hi
Melbourne,3BR Apartment/unit,306,139,112,0.366013071895425,450,48577.5,88087.5,126,1,1,0.273021141322202,0.457432197140399
Melbourne,2BR Apartment/unit,1235,482,405,0.327935222672065,285,30590,61560,108,2,5,0.268575647871602,0.396141294809355
Yarra Ranges,3BR House/townhouse,90,77,27,0.3,425.75,46054.5,88995,120,3,2,0.218732040229885,0.390271937202131
Melbourne,1BR Apartment/unit,936,435,237,0.253205128205128,210.435,21158.5,46155,96,4,10,0.208677970118726,0.300471611721612
Yarra,2BR House/townhouse,60,58,14,0.233333333333333,385.165,34807.5,71683.5,87,5,3,0.135593220338983,0.327868852459016
Yarra,1BR Apartment/unit,177,136,39,0.220338983050847,237.71,25200,51840,102,6,7,0.16759625547335,0.277111707700367
Yarra Ranges,2BR House/townhouse,51,39,11,0.215686274509804,340.5,32334,70785,96,7,4,0.12280701754386,0.32562885619364
Port Phillip,2BR Apartment/unit,219,171,37,0.168949771689498,277,23938,57348,78,8,9,0.0818033596837945,0.271274984857662
Merri-bek,1BR Apartment/unit,54,48,9,0.166666666666667,204.5,13574.5,39525,72,9,14,0.0847457627118644,0.254901960784314
Yarra,2BR Apartment/unit,102,81,15,0.147058823529412,321,24880.5,65153,84,10,8,0.089276874115983,0.212153449387492
Stonnington,1BR Apartment/unit,185,132,25,0.135135135135135,212.93,15084,42605,72,11,12,0.094434264107039,0.182410225197809
Port Phillip,3BR House/townhouse,56,43,7,0.125,515.5,26872,96534,57,12,6,0.0566037735849057,0.204104823747681
Port Phillip,1BR Apartment/unit,305,249,35,0.114754098360656,207.5,15081,45468,72,13,13,0.0833189158016148,0.145715790831685
Stonnington,2BR Apartment/unit,97,77,8,0.0824742268041237,300.86,18816,56790,60,14,11,0.0326086956521739,0.138297872340426
