split,scope,model,n_listings,n_hosts,target_count,auc,brier
1,all_eligible,baseline,1167,518,271,0.600024298234054,0.175737174886908
1,all_eligible,property_only,1167,518,271,0.629293374406958,0.173429359870667
1,all_eligible,full,1167,518,271,0.72796891473379,0.160734000622252
1,priority_pool,baseline,475,189,136,0.515031233732431,0.208619149056277
1,priority_pool,property_only,475,189,136,0.650399097692174,0.203493574538787
1,priority_pool,full,475,189,136,0.74496789866389,0.18200939765174
2,all_eligible,baseline,1063,518,258,0.606001733352593,0.179876222704244
2,all_eligible,property_only,1063,518,258,0.625261206605999,0.177606071583528
2,all_eligible,full,1063,518,258,0.728696615147576,0.162670179649584
2,priority_pool,baseline,397,194,123,0.499851640852175,0.215832704639167
2,priority_pool,property_only,397,194,123,0.553216426324847,0.213439749443891
2,priority_pool,full,397,194,123,0.698830929915139,0.192231420836854
3,all_eligible,baseline,1227,518,253,0.635306506724237,0.162321810426252
3,all_eligible,property_only,1227,518,253,0.629682008911542,0.163821878179132
3,all_eligible,full,1227,518,253,0.722825072436714,0.15278572804687
3,priority_pool,baseline,496,204,146,0.50293542074364,0.213440259701987
3,priority_pool,property_only,496,204,146,0.505880626223092,0.215434188682175
3,priority_pool,full,496,204,146,0.660195694716243,0.200420924095759
4,all_eligible,baseline,1316,518,396,0.552694060166886,0.210201613460246
4,all_eligible,property_only,1316,518,396,0.646122913921827,0.206934127062116
4,all_eligible,full,1316,518,396,0.695542380324989,0.191795763657479
4,priority_pool,baseline,622,180,246,0.420353312575679,0.25531805133886
4,priority_pool,property_only,622,180,246,0.577224961079398,0.250513795673544
4,priority_pool,full,622,180,246,0.665585538834112,0.223788953570199
5,all_eligible,baseline,1052,518,253,0.631594829505261,0.175957456964477
5,all_eligible,property_only,1052,518,253,0.61855976096603,0.178491777846052
5,all_eligible,full,1052,518,253,0.746130291322651,0.157416870669061
5,priority_pool,baseline,436,192,151,0.471302428256071,0.22687327613751
5,priority_pool,property_only,436,192,151,0.524793772510747,0.229589496494671
5,priority_pool,full,436,192,151,0.719670036017195,0.197199910278607
6,all_eligible,baseline,1110,518,317,0.637395029855081,0.198716830724135
6,all_eligible,property_only,1110,518,317,0.627346537725604,0.198170562821495
6,all_eligible,full,1110,518,317,0.720547694535387,0.180570325576436
6,priority_pool,baseline,453,176,173,0.487964492155244,0.244154474764376
6,priority_pool,property_only,453,176,173,0.508164739884393,0.242376741681765
6,priority_pool,full,453,176,173,0.667991329479769,0.21683660672526
7,all_eligible,baseline,1288,518,343,0.580929242445277,0.193072999904135
7,all_eligible,property_only,1288,518,343,0.590665926234439,0.193552259327027
7,all_eligible,full,1288,518,343,0.681348820707421,0.182245379386619
7,priority_pool,baseline,557,202,180,0.532161803713528,0.218478508407193
7,priority_pool,property_only,557,202,180,0.514301503094607,0.220322021965545
7,priority_pool,full,557,202,180,0.648305334512231,0.20957029380518
8,all_eligible,baseline,1220,518,323,0.642280253062323,0.185353009694436
8,all_eligible,property_only,1220,518,323,0.646770625166102,0.184682712317089
8,all_eligible,full,1220,518,323,0.729725158854248,0.169229621652339
8,priority_pool,baseline,549,196,200,0.483187679083095,0.234336090687539
8,priority_pool,property_only,549,196,200,0.524398280802292,0.233595001896442
8,priority_pool,full,549,196,200,0.666368194842407,0.211331484892896
9,all_eligible,baseline,1172,518,251,0.583935701277409,0.170126029500401
9,all_eligible,property_only,1172,518,251,0.606533691509748,0.168125366820194
9,all_eligible,full,1172,518,251,0.661981822979526,0.174311038924516
9,priority_pool,baseline,476,201,126,0.475873015873016,0.204384553042405
9,priority_pool,property_only,476,201,126,0.546269841269841,0.201549425921643
9,priority_pool,full,476,201,126,0.608401360544218,0.209161803880738
10,all_eligible,baseline,1254,518,331,0.647325973035517,0.185536166980513
10,all_eligible,property_only,1254,518,331,0.655083417072269,0.184916119997495
10,all_eligible,full,1254,518,331,0.76498872388409,0.161230818117494
10,priority_pool,baseline,582,187,212,0.515470423253442,0.233846615427051
10,priority_pool,property_only,582,187,212,0.579659612442631,0.232430406406292
10,priority_pool,full,582,187,212,0.765884752677206,0.192691896739751
11,all_eligible,baseline,1165,518,273,0.585571379293352,0.179162926406008
11,all_eligible,property_only,1165,518,273,0.598075691125018,0.178156717631269
11,all_eligible,full,1165,518,273,0.702323461292071,0.165780984763407
11,priority_pool,baseline,506,187,139,0.50449885323349,0.2073761816217
11,priority_pool,property_only,506,187,139,0.562856526767687,0.205039636297753
11,priority_pool,full,506,187,139,0.6858545860859,0.186868925445207
12,all_eligible,baseline,1063,518,332,0.610724704563809,0.213910718166688
12,all_eligible,property_only,1063,518,332,0.592837835610568,0.217193135269828
12,all_eligible,full,1063,518,332,0.713167306709739,0.198721981560904
12,priority_pool,baseline,447,186,180,0.510195588847274,0.249674499460632
12,priority_pool,property_only,447,186,180,0.487734082397004,0.258120567366824
12,priority_pool,full,447,186,180,0.620037453183521,0.244682395403168
13,all_eligible,baseline,1234,518,254,0.563448095773743,0.170962291141588
13,all_eligible,property_only,1234,518,254,0.582498393058011,0.169199522274007
13,all_eligible,full,1234,518,254,0.691740318174514,0.161242070574173
13,priority_pool,baseline,503,183,114,0.506325260451901,0.199285992810772
13,priority_pool,property_only,503,183,114,0.572114734136112,0.195341073584478
13,priority_pool,full,503,183,114,0.649720380643125,0.189507441316927
14,all_eligible,baseline,1081,518,196,0.547725700449671,0.16466170274452
14,all_eligible,property_only,1081,518,196,0.567542949383143,0.162229730731396
14,all_eligible,full,1081,518,196,0.607433990545371,0.180136591887596
14,priority_pool,baseline,471,172,95,0.498572228443449,0.195360635676187
14,priority_pool,property_only,471,172,95,0.560806270996641,0.189895678916696
14,priority_pool,full,471,172,95,0.589347704367301,0.207331457435965
15,all_eligible,baseline,1154,518,255,0.620683111954459,0.168379065103082
15,all_eligible,property_only,1154,518,255,0.644229972300377,0.167085967535821
15,all_eligible,full,1154,518,255,0.725084516565247,0.155242808682989
15,priority_pool,baseline,482,197,150,0.460783132530121,0.215399259793684
15,priority_pool,property_only,482,197,150,0.573182730923695,0.212495496753495
15,priority_pool,full,482,197,150,0.697680722891566,0.194748572728282
16,all_eligible,baseline,1195,518,251,0.583260179620501,0.170577196906644
16,all_eligible,property_only,1195,518,251,0.580206715510838,0.174093781140086
16,all_eligible,full,1195,518,251,0.671671365385914,0.164382656954887
16,priority_pool,baseline,535,196,133,0.514233344555418,0.202896604448376
16,priority_pool,property_only,535,196,133,0.558457711442786,0.205840316153853
16,priority_pool,full,535,196,133,0.654836718662328,0.193874252007043
17,all_eligible,baseline,1000,518,295,0.590772929438634,0.208028567621907
17,all_eligible,property_only,1000,518,295,0.595648515446568,0.208858187796886
17,all_eligible,full,1000,518,295,0.720812597667989,0.196275148458753
17,priority_pool,baseline,392,189,145,0.496356275303644,0.23638510704069
17,priority_pool,property_only,392,189,145,0.507692307692308,0.239039772107607
17,priority_pool,full,392,189,145,0.671869328493648,0.230385220906663
18,all_eligible,baseline,1042,518,284,0.658260247500836,0.188701286912716
18,all_eligible,property_only,1042,518,284,0.657468226244008,0.18932672072019
18,all_eligible,full,1042,518,284,0.74957263369133,0.168469363810196
18,priority_pool,baseline,448,184,174,0.533769611544593,0.243772378439095
18,priority_pool,property_only,448,184,174,0.535835640573874,0.246426763484365
18,priority_pool,full,448,184,174,0.711049584696703,0.210003535784809
19,all_eligible,baseline,1270,518,242,0.598202800913271,0.162228232186413
19,all_eligible,property_only,1270,518,242,0.622172154870245,0.160712025250708
19,all_eligible,full,1270,518,242,0.729666446924141,0.140713031827558
19,priority_pool,baseline,513,194,130,0.524934725848564,0.202529031525322
19,priority_pool,property_only,513,194,130,0.653032737497489,0.196872670507097
19,priority_pool,full,513,194,130,0.747609961839727,0.16770044328983
20,all_eligible,baseline,1358,518,358,0.573291899441341,0.19246040160287
20,all_eligible,property_only,1358,518,358,0.55011312849162,0.195275905145432
20,all_eligible,full,1358,518,358,0.678202513966481,0.179148530643293
20,priority_pool,baseline,591,188,195,0.42956487956488,0.225992794393889
20,priority_pool,property_only,591,188,195,0.44044289044289,0.229495912337768
20,priority_pool,full,591,188,195,0.623510748510749,0.213248735477674
21,all_eligible,baseline,1114,518,292,0.609972336099723,0.188583211929348
21,all_eligible,property_only,1114,518,292,0.618446488684465,0.18791041466862
21,all_eligible,full,1114,518,292,0.765529697030297,0.162416616729714
21,priority_pool,baseline,401,173,141,0.464975450081833,0.232225957305706
21,priority_pool,property_only,401,173,141,0.542062193126023,0.22869525174964
21,priority_pool,full,401,173,141,0.761483906164757,0.191770636056355
22,all_eligible,baseline,1226,518,307,0.58828637557464,0.186217714398229
22,all_eligible,property_only,1226,518,307,0.603268671158638,0.185219840591624
22,all_eligible,full,1226,518,307,0.660826631411427,0.180369520373866
22,priority_pool,baseline,568,176,179,0.503468282805073,0.216992245353304
22,priority_pool,property_only,568,176,179,0.54762964771438,0.215621077919743
22,priority_pool,full,568,176,179,0.664632132239951,0.203144451294814
23,all_eligible,baseline,1106,518,312,0.594004311180004,0.200999923418475
23,all_eligible,property_only,1106,518,312,0.567533746689918,0.206081281798236
23,all_eligible,full,1106,518,312,0.653061018536459,0.198264841182777
23,priority_pool,baseline,467,183,166,0.533903054076772,0.229682162284369
23,priority_pool,property_only,467,183,166,0.481627506704559,0.237372515546524
23,priority_pool,full,467,183,166,0.592883160549174,0.232865160050556
24,all_eligible,baseline,1161,518,369,0.615875899920615,0.217672239472567
24,all_eligible,property_only,1161,518,369,0.606098245325888,0.216709872698433
24,all_eligible,full,1161,518,369,0.721761996660371,0.196219625497403
24,priority_pool,baseline,552,180,232,0.515827047413793,0.261528307983182
24,priority_pool,property_only,552,180,232,0.5310546875,0.259639824397922
24,priority_pool,full,552,180,232,0.698646282327586,0.230284136842705
25,all_eligible,baseline,1231,518,316,0.593485854603306,0.187343031822858
25,all_eligible,property_only,1231,518,316,0.589551774227018,0.188697155461561
25,all_eligible,full,1231,518,316,0.678275229992391,0.180036885236491
25,priority_pool,baseline,485,182,159,0.511228151406413,0.220624946863352
25,priority_pool,property_only,485,182,159,0.514845468225489,0.222312939994508
25,priority_pool,full,485,182,159,0.616294324188756,0.218864461136182
26,all_eligible,baseline,1179,518,322,0.576280829413598,0.197130717300459
26,all_eligible,property_only,1179,518,322,0.58921958007494,0.196626446244396
26,all_eligible,full,1179,518,322,0.661137363473622,0.190244124821146
26,priority_pool,baseline,524,192,173,0.492564596610839,0.22264492148052
26,priority_pool,property_only,524,192,173,0.508061195922468,0.223491566177529
26,priority_pool,full,524,192,173,0.608393854058594,0.220438873469455
27,all_eligible,baseline,1227,518,263,0.581208683716454,0.172459814582629
27,all_eligible,property_only,1227,518,263,0.593960525693009,0.171139670903699
27,all_eligible,full,1227,518,263,0.657435747755707,0.172992325765866
27,priority_pool,baseline,528,197,134,0.524859837866505,0.203603180715446
27,priority_pool,property_only,528,197,134,0.57428593075233,0.200064006734402
27,priority_pool,full,528,197,134,0.624905295855747,0.205917273839836
28,all_eligible,baseline,1117,518,290,0.602501772088563,0.18776705938752
28,all_eligible,property_only,1117,518,290,0.630621690364008,0.184800444650327
28,all_eligible,full,1117,518,290,0.725570195555185,0.168896170180409
28,priority_pool,baseline,511,197,180,0.432620006713662,0.231627962032682
28,priority_pool,property_only,511,197,180,0.574118831822759,0.226059517332338
28,priority_pool,full,511,197,180,0.710171198388721,0.200241099606543
29,all_eligible,baseline,1156,518,226,0.573032638690646,0.167489636821419
29,all_eligible,property_only,1156,518,226,0.586183271481587,0.166121853817757
29,all_eligible,full,1156,518,226,0.633269102673899,0.182415715117743
29,priority_pool,baseline,518,180,122,0.496739940387481,0.200634139294311
29,priority_pool,property_only,518,180,122,0.512709057791025,0.199349016123091
29,priority_pool,full,518,180,122,0.57033449246564,0.222994714600781
30,all_eligible,baseline,1100,518,287,0.644880020228774,0.184274628214847
30,all_eligible,property_only,1100,518,287,0.645576455764558,0.184907865307409
30,all_eligible,full,1100,518,287,0.79327221843647,0.159216515304489
30,priority_pool,baseline,483,187,177,0.48572800118164,0.236826964346388
30,priority_pool,property_only,483,187,177,0.511511761013257,0.238135604667324
30,priority_pool,full,483,187,177,0.741682360326428,0.203249753565541
31,all_eligible,baseline,1391,518,388,0.604783587382183,0.196669342344386
31,all_eligible,property_only,1391,518,388,0.64051017051937,0.195622914123325
31,all_eligible,full,1391,518,388,0.679013218077726,0.191487300877036
31,priority_pool,baseline,618,194,226,0.488892902293661,0.236998987512441
31,priority_pool,property_only,618,194,226,0.575983158750226,0.236170530519256
31,priority_pool,full,618,194,226,0.632664348925411,0.228611108148788
32,all_eligible,baseline,1234,518,332,0.631653554350439,0.188399150615352
32,all_eligible,property_only,1234,518,332,0.672815430235354,0.185820152004804
32,all_eligible,full,1234,518,332,0.795357705767638,0.158857364264109
32,priority_pool,baseline,498,172,187,0.438081400347336,0.238870894796598
32,priority_pool,property_only,498,172,187,0.643465103083034,0.233502547414667
32,priority_pool,full,498,172,187,0.819548807538216,0.19138576972233
33,all_eligible,baseline,1174,518,269,0.600055454003985,0.173568913232786
33,all_eligible,property_only,1174,518,269,0.604132350222843,0.174068296399445
33,all_eligible,full,1174,518,269,0.675764546406786,0.172569132458566
33,priority_pool,baseline,465,195,140,0.48167032967033,0.214448066893257
33,priority_pool,property_only,465,195,140,0.535637362637363,0.212465085184168
33,priority_pool,full,465,195,140,0.617758241758242,0.21456527934386
34,all_eligible,baseline,1427,518,388,0.605816457140589,0.192987777374193
34,all_eligible,property_only,1427,518,388,0.626541678656123,0.191438198480951
34,all_eligible,full,1427,518,388,0.715258277685721,0.177872503128739
34,priority_pool,baseline,618,185,217,0.477636553776848,0.230938923046574
34,priority_pool,property_only,618,185,217,0.529270142615811,0.230964299532558
34,priority_pool,full,618,185,217,0.683320500591838,0.212260426540226
35,all_eligible,baseline,1280,518,359,0.609224864580403,0.198063836329591
35,all_eligible,property_only,1280,518,359,0.590966280444836,0.201333026765867
35,all_eligible,full,1280,518,359,0.68933489394778,0.1857248971936
35,priority_pool,baseline,548,189,212,0.441543126684636,0.244855519691696
35,priority_pool,property_only,548,189,212,0.546313454627134,0.247625693322355
35,priority_pool,full,548,189,212,0.656523753369272,0.227268940594175
36,all_eligible,baseline,1029,518,236,0.604724602988009,0.174136732098916
36,all_eligible,property_only,1029,518,236,0.613479705901212,0.173558955645561
36,all_eligible,full,1029,518,236,0.738722828990959,0.154725215103263
36,priority_pool,baseline,433,188,129,0.491330069359445,0.212936730237588
36,priority_pool,property_only,433,188,129,0.549265605875153,0.210565229442046
36,priority_pool,full,433,188,129,0.71999949000408,0.185932948038434
37,all_eligible,baseline,1246,518,333,0.58981708981709,0.193766093523301
37,all_eligible,property_only,1246,518,333,0.603034578938193,0.192800973108549
37,all_eligible,full,1246,518,333,0.722791246887632,0.1735644925999
37,priority_pool,baseline,540,187,180,0.466350308641975,0.227445877149488
37,priority_pool,property_only,540,187,180,0.490748456790124,0.227432744920288
37,priority_pool,full,540,187,180,0.691412037037037,0.201239384041629
38,all_eligible,baseline,1290,518,279,0.601826148921009,0.17066984878327
38,all_eligible,property_only,1290,518,279,0.624877246347525,0.169194047215097
38,all_eligible,full,1290,518,279,0.719962136923944,0.15429149113667
38,priority_pool,baseline,587,198,163,0.492917293668249,0.208565346266506
38,priority_pool,property_only,587,198,163,0.569307790253502,0.206990372021816
38,priority_pool,full,587,198,163,0.728498668827411,0.178061418970739
39,all_eligible,baseline,1285,518,321,0.621240030506328,0.181736416133118
39,all_eligible,property_only,1285,518,321,0.655638823179638,0.178664114239482
39,all_eligible,full,1285,518,321,0.74404254081514,0.161313894885834
39,priority_pool,baseline,491,185,168,0.516511867905057,0.225035119865895
39,priority_pool,property_only,491,185,168,0.638987173816895,0.220593787008302
39,priority_pool,full,491,185,168,0.725646837682441,0.195859004322237
40,all_eligible,baseline,1055,518,287,0.613719058507549,0.190653384950933
40,all_eligible,property_only,1055,518,287,0.639896831445993,0.188632347546374
40,all_eligible,full,1055,518,287,0.781054914343786,0.162412169777086
40,priority_pool,baseline,469,178,166,0.44912322557557,0.230593795733931
40,priority_pool,property_only,469,178,166,0.586027277426538,0.226343535081006
40,priority_pool,full,469,178,166,0.765597041631874,0.190923461905114
41,all_eligible,baseline,999,518,205,0.580687473121583,0.165286579471041
41,all_eligible,property_only,999,518,205,0.610705289672544,0.163106208648742
41,all_eligible,full,999,518,205,0.699020089697119,0.155898602950176
41,priority_pool,baseline,356,177,96,0.488621794871795,0.204919770309927
41,priority_pool,property_only,356,177,96,0.608253205128205,0.20041617912367
41,priority_pool,full,356,177,96,0.681470352564103,0.187927343267672
42,all_eligible,baseline,1235,518,243,0.572825401566441,0.165332823667384
42,all_eligible,property_only,1235,518,243,0.585278939333599,0.163702207381286
42,all_eligible,full,1235,518,243,0.658264054825435,0.1710226209229
42,priority_pool,baseline,462,174,105,0.533306655995732,0.197435585757061
42,priority_pool,property_only,462,174,105,0.59453114579165,0.191081972945741
42,priority_pool,full,462,174,105,0.611964785914366,0.205593381191069
43,all_eligible,baseline,1253,518,307,0.606210961979464,0.18220668822788
43,all_eligible,property_only,1253,518,307,0.584267032111892,0.183747209124819
43,all_eligible,full,1253,518,307,0.665693370336958,0.177845592992064
43,priority_pool,baseline,535,188,176,0.520179159280831,0.221680404333407
43,priority_pool,property_only,535,188,176,0.526501962522158,0.220666473313081
43,priority_pool,full,535,188,176,0.596393074195999,0.221590434028783
44,all_eligible,baseline,1224,518,249,0.585039645762537,0.165633576018213
44,all_eligible,property_only,1224,518,249,0.618480074142725,0.163966872093058
44,all_eligible,full,1224,518,249,0.698537740706415,0.155919422020612
44,priority_pool,baseline,482,187,130,0.469001311188811,0.206684987816415
44,priority_pool,property_only,482,187,130,0.594995629370629,0.201986015270047
44,priority_pool,full,482,187,130,0.693006993006993,0.186515666404032
45,all_eligible,baseline,1230,518,298,0.590695840654434,0.181108309575453
45,all_eligible,property_only,1230,518,298,0.57777709767549,0.184822348456753
45,all_eligible,full,1230,518,298,0.683703228965636,0.171717753668146
45,priority_pool,baseline,533,187,164,0.486656421442263,0.216008984113711
45,priority_pool,property_only,533,187,164,0.437330623306233,0.224836041411231
45,priority_pool,full,533,187,164,0.642061603542865,0.205403398368541
46,all_eligible,baseline,1096,518,295,0.586353922004274,0.195085354466397
46,all_eligible,property_only,1096,518,295,0.595789161852769,0.194910409882566
46,all_eligible,full,1096,518,295,0.645771175860683,0.195531472743424
46,priority_pool,baseline,442,176,153,0.496912952032024,0.226653263111179
46,priority_pool,property_only,442,176,153,0.506264558880069,0.230740132402606
46,priority_pool,full,442,176,153,0.531435873080489,0.245446946504531
47,all_eligible,baseline,1294,518,289,0.604835683175816,0.172676206099547
47,all_eligible,property_only,1294,518,289,0.624601903974935,0.173642405843164
47,all_eligible,full,1294,518,289,0.741434695036926,0.151765745061009
47,priority_pool,baseline,611,186,178,0.521862106546955,0.212168084863225
47,priority_pool,property_only,611,186,178,0.591444585722812,0.211090470761372
47,priority_pool,full,611,186,178,0.760308275164128,0.180720018194435
48,all_eligible,baseline,1050,518,274,0.647725562495297,0.1831660878742
48,all_eligible,property_only,1050,518,274,0.648637971254421,0.183323634803664
48,all_eligible,full,1050,518,274,0.775124162841448,0.159856086257404
48,priority_pool,baseline,434,189,159,0.500343053173242,0.234879018454258
48,priority_pool,property_only,434,189,159,0.514682675814751,0.235888917238151
48,priority_pool,full,434,189,159,0.717930245854774,0.202811315743733
49,all_eligible,baseline,1110,518,324,0.678910250369114,0.19863233679052
49,all_eligible,property_only,1110,518,324,0.714720180316024,0.196649884948204
49,all_eligible,full,1110,518,324,0.766115351993215,0.173400661907409
49,priority_pool,baseline,500,219,216,0.539074726134585,0.265783826347961
49,priority_pool,property_only,500,219,216,0.63724243609807,0.262443299126724
49,priority_pool,full,500,219,216,0.741425404277517,0.218011887801637
50,all_eligible,baseline,1270,518,331,0.609633247428485,0.187508863400191
50,all_eligible,property_only,1270,518,331,0.588150600529586,0.189940527872459
50,all_eligible,full,1270,518,331,0.705066455604568,0.175435290656026
50,priority_pool,baseline,484,190,165,0.513451125676831,0.224677864583022
50,priority_pool,property_only,484,190,165,0.513565118267313,0.225943301054698
50,priority_pool,full,484,190,165,0.654469459485133,0.214906318941718
