scope,model,metric,splits,n_finite,mean,median,p05,p95,min,max
all_eligible,baseline,auc,50,50,0.603494724697592,0.602163960504786,0.567667883380457,0.647545747238396,0.547725700449671,0.678910250369114
all_eligible,baseline,brier,50,50,0.184063960047264,0.184813818954642,0.164942897271455,0.209223742832993,0.162228232186413,0.217672239472567
all_eligible,full,auc,50,50,0.708392049661811,0.71421279219773,0.649051605064782,0.778386076167734,0.607433990545371,0.795357705767638
all_eligible,full,brier,50,50,0.171507738925606,0.171370187295523,0.15346332143728,0.196250163126145,0.140713031827558,0.198721981560904
all_eligible,property_only,auc,50,50,0.6143374968156,0.612092497786878,0.572148316114699,0.656644994865042,0.55011312849162,0.714720180316024
all_eligible,property_only,brier,50,50,0.183780430200933,0.18481139655354,0.163374408078387,0.207992360466239,0.160712025250708,0.217193135269828
priority_pool,baseline,auc,50,50,0.493174922067437,0.496826446209753,0.435077633848815,0.533561281547605,0.420353312575679,0.539074726134585
priority_pool,baseline,brier,50,50,0.223438560139122,0.223661393031771,0.199892658728364,0.252778452993657,0.195360635676187,0.265783826347961
priority_pool,full,auc,50,50,0.67517162121189,0.669930328986708,0.590938659649144,0.763746130671672,0.531435873080489,0.819548807538216
priority_pool,full,brier,50,50,0.20596797369618,0.205498389779805,0.181300238950222,0.231749187435804,0.16770044328983,0.245446946504531
priority_pool,property_only,auc,50,50,0.548483764830889,0.546291647948488,0.484375465766159,0.641450034913271,0.437330623306233,0.653032737497489
priority_pool,property_only,brier,50,50,0.22259600475903,0.22416380379438,0.196030292199657,0.254697520104848,0.189895678916696,0.262443299126724
