split,scope,n_listings,n_hosts,target_count,pair,left_model,right_model,auc_difference,brier_difference
1,all_eligible,1167,518,271,full_vs_baseline,full,baseline,0.127944616499736,-0.0150031742646564
1,priority_pool,475,189,136,full_vs_baseline,full,baseline,0.229936664931459,-0.0266097514045371
2,all_eligible,1063,518,258,full_vs_baseline,full,baseline,0.122694881794983,-0.0172060430546604
2,priority_pool,397,194,123,full_vs_baseline,full,baseline,0.198979289062964,-0.0236012838023134
3,all_eligible,1227,518,253,full_vs_baseline,full,baseline,0.087518565712477,-0.00953608237938158
3,priority_pool,496,204,146,full_vs_baseline,full,baseline,0.157260273972603,-0.0130193356062279
4,all_eligible,1316,518,396,full_vs_baseline,full,baseline,0.142848320158103,-0.0184058498027667
4,priority_pool,622,180,246,full_vs_baseline,full,baseline,0.245232226258433,-0.0315290977686607
5,all_eligible,1052,518,253,full_vs_baseline,full,baseline,0.11453546181739,-0.0185405862954164
5,priority_pool,436,192,151,full_vs_baseline,full,baseline,0.248367607761125,-0.0296733658589032
6,all_eligible,1110,518,317,full_vs_baseline,full,baseline,0.0831526646803059,-0.0181465051476988
6,priority_pool,453,176,173,full_vs_baseline,full,baseline,0.180026837324525,-0.027317868039116
7,all_eligible,1288,518,343,full_vs_baseline,full,baseline,0.100419578262144,-0.0108276205175155
7,priority_pool,557,202,180,full_vs_baseline,full,baseline,0.116143530798703,-0.0089082146020133
8,all_eligible,1220,518,323,full_vs_baseline,full,baseline,0.0874449057919243,-0.0161233880420971
8,priority_pool,549,196,200,full_vs_baseline,full,baseline,0.183180515759312,-0.0230046057946429
9,all_eligible,1172,518,251,full_vs_baseline,full,baseline,0.0780461217021167,0.00418500942411443
9,priority_pool,476,201,126,full_vs_baseline,full,baseline,0.132528344671202,0.00477725083833327
10,all_eligible,1254,518,331,full_vs_baseline,full,baseline,0.117662750848573,-0.0243053488630196
10,priority_pool,582,187,212,full_vs_baseline,full,baseline,0.250414329423763,-0.0411547186873006
11,all_eligible,1165,518,273,full_vs_baseline,full,baseline,0.116752081998719,-0.0133819416426014
11,priority_pool,506,187,139,full_vs_baseline,full,baseline,0.18135573285241,-0.0205072561764927
12,all_eligible,1063,518,332,full_vs_baseline,full,baseline,0.10244260214593,-0.0151887366057845
12,priority_pool,447,186,180,full_vs_baseline,full,baseline,0.109841864336246,-0.00499210405746434
13,all_eligible,1234,518,254,full_vs_baseline,full,baseline,0.128292222400771,-0.00972022056741437
13,priority_pool,503,183,114,full_vs_baseline,full,baseline,0.143395120191224,-0.00977855149384502
14,all_eligible,1081,518,196,full_vs_baseline,full,baseline,0.0597082900956993,0.0154748891430757
14,priority_pool,471,172,95,full_vs_baseline,full,baseline,0.0907754759238522,0.0119708217597774
15,all_eligible,1154,518,255,full_vs_baseline,full,baseline,0.104401404610788,-0.0131362564200931
15,priority_pool,482,197,150,full_vs_baseline,full,baseline,0.236897590361446,-0.0206506870654012
16,all_eligible,1195,518,251,full_vs_baseline,full,baseline,0.088411185765413,-0.00619453995175659
16,priority_pool,535,196,133,full_vs_baseline,full,baseline,0.140603374106909,-0.00902235244133229
17,all_eligible,1000,518,295,full_vs_baseline,full,baseline,0.130039668229354,-0.0117534191631541
17,priority_pool,392,189,145,full_vs_baseline,full,baseline,0.175513053190004,-0.00599988613402705
18,all_eligible,1042,518,284,full_vs_baseline,full,baseline,0.091312386190494,-0.0202319231025208
18,priority_pool,448,184,174,full_vs_baseline,full,baseline,0.17727997315211,-0.0337688426542855
19,all_eligible,1270,518,242,full_vs_baseline,full,baseline,0.131463646010869,-0.0215152003588543
19,priority_pool,513,194,130,full_vs_baseline,full,baseline,0.222675235991163,-0.0348285882354923
20,all_eligible,1358,518,358,full_vs_baseline,full,baseline,0.10491061452514,-0.0133118709595768
20,priority_pool,591,188,195,full_vs_baseline,full,baseline,0.193945868945869,-0.0127440589162147
21,all_eligible,1114,518,292,full_vs_baseline,full,baseline,0.155557360930574,-0.0261665951996336
21,priority_pool,401,173,141,full_vs_baseline,full,baseline,0.296508456082924,-0.0404553212493503
22,all_eligible,1226,518,307,full_vs_baseline,full,baseline,0.0725402558367861,-0.00584819402436229
22,priority_pool,568,176,179,full_vs_baseline,full,baseline,0.161163849434878,-0.0138477940584898
23,all_eligible,1106,518,312,full_vs_baseline,full,baseline,0.0590567073564555,-0.00273508223569829
23,priority_pool,467,183,166,full_vs_baseline,full,baseline,0.0589801064724013,0.00318299776618694
24,all_eligible,1161,518,369,full_vs_baseline,full,baseline,0.105886096739755,-0.0214526139751641
24,priority_pool,552,180,232,full_vs_baseline,full,baseline,0.182819234913793,-0.031244171140477
25,all_eligible,1231,518,316,full_vs_baseline,full,baseline,0.0847893753890848,-0.0073061465863665
25,priority_pool,485,182,159,full_vs_baseline,full,baseline,0.105066172782344,-0.00176048572716955
26,all_eligible,1179,518,322,full_vs_baseline,full,baseline,0.0848565340600245,-0.00688659247931342
26,priority_pool,524,192,173,full_vs_baseline,full,baseline,0.115829257447755,-0.00220604801106478
27,all_eligible,1227,518,263,full_vs_baseline,full,baseline,0.0762270640392534,0.00053251118323705
27,priority_pool,528,197,134,full_vs_baseline,full,baseline,0.100045457989242,0.0023140931243899
28,all_eligible,1117,518,290,full_vs_baseline,full,baseline,0.123068423466622,-0.0188708892071109
28,priority_pool,511,197,180,full_vs_baseline,full,baseline,0.277551191675059,-0.0313868624261384
29,all_eligible,1156,518,226,full_vs_baseline,full,baseline,0.0602364639832524,0.0149260782963237
29,priority_pool,518,180,122,full_vs_baseline,full,baseline,0.0735945520781587,0.0223605753064709
30,all_eligible,1100,518,287,full_vs_baseline,full,baseline,0.148392198207696,-0.0250581129103583
30,priority_pool,483,187,177,full_vs_baseline,full,baseline,0.255954359144788,-0.0335772107808476
31,all_eligible,1391,518,388,full_vs_baseline,full,baseline,0.0742296306955423,-0.00518204146734969
31,priority_pool,618,194,226,full_vs_baseline,full,baseline,0.14377144663175,-0.00838787936365321
32,all_eligible,1234,518,332,full_vs_baseline,full,baseline,0.163704151417199,-0.0295417863512431
32,priority_pool,498,172,187,full_vs_baseline,full,baseline,0.38146740719088,-0.0474851250742674
33,all_eligible,1174,518,269,full_vs_baseline,full,baseline,0.0757090924028014,-0.000999780774219555
33,priority_pool,465,195,140,full_vs_baseline,full,baseline,0.136087912087912,0.000117212450602006
34,all_eligible,1427,518,388,full_vs_baseline,full,baseline,0.109441820545132,-0.0151152742454539
34,priority_pool,618,185,217,full_vs_baseline,full,baseline,0.20568394681499,-0.0186784965063478
35,all_eligible,1280,518,359,full_vs_baseline,full,baseline,0.0801100293673765,-0.012338939135991
35,priority_pool,548,189,212,full_vs_baseline,full,baseline,0.214980626684636,-0.0175865790975203
36,all_eligible,1029,518,236,full_vs_baseline,full,baseline,0.13399822600295,-0.019411516995653
36,priority_pool,433,188,129,full_vs_baseline,full,baseline,0.228669420644635,-0.0270037821991541
37,all_eligible,1246,518,333,full_vs_baseline,full,baseline,0.132974157070543,-0.0202016009234011
37,priority_pool,540,187,180,full_vs_baseline,full,baseline,0.225061728395062,-0.0262064931078585
38,all_eligible,1290,518,279,full_vs_baseline,full,baseline,0.118135988002935,-0.0163783576466002
38,priority_pool,587,198,163,full_vs_baseline,full,baseline,0.235581375159162,-0.0305039272957665
39,all_eligible,1285,518,321,full_vs_baseline,full,baseline,0.122802510308812,-0.0204225212472844
39,priority_pool,491,185,168,full_vs_baseline,full,baseline,0.209134969777385,-0.0291761155436574
40,all_eligible,1055,518,287,full_vs_baseline,full,baseline,0.167335855836237,-0.0282412151738473
40,priority_pool,469,178,166,full_vs_baseline,full,baseline,0.316473816056304,-0.0396703338288171
41,all_eligible,999,518,205,full_vs_baseline,full,baseline,0.118332616575536,-0.00938797652086446
41,priority_pool,356,177,96,full_vs_baseline,full,baseline,0.192848557692308,-0.0169924270422547
42,all_eligible,1235,518,243,full_vs_baseline,full,baseline,0.0854386532589937,0.00568979725551591
42,priority_pool,462,174,105,full_vs_baseline,full,baseline,0.0786581299186342,0.00815779543400799
43,all_eligible,1253,518,307,full_vs_baseline,full,baseline,0.0594824083574936,-0.00436109523581599
43,priority_pool,535,188,176,full_vs_baseline,full,baseline,0.0762139149151684,-8.99703046243483e-05
44,all_eligible,1224,518,249,full_vs_baseline,full,baseline,0.113498094943878,-0.00971415399760045
44,priority_pool,482,187,130,full_vs_baseline,full,baseline,0.224005681818182,-0.0201693214123825
45,all_eligible,1230,518,298,full_vs_baseline,full,baseline,0.0930073883112019,-0.00939055590730736
45,priority_pool,533,187,164,full_vs_baseline,full,baseline,0.155405182100602,-0.0106055857451706
46,all_eligible,1096,518,295,full_vs_baseline,full,baseline,0.0594172538564084,0.000446118277027147
46,priority_pool,442,176,153,full_vs_baseline,full,baseline,0.0345229210484656,0.0187936833933524
47,all_eligible,1294,518,289,full_vs_baseline,full,baseline,0.13659901186111,-0.0209104610385377
47,priority_pool,611,186,178,full_vs_baseline,full,baseline,0.238446168617173,-0.0314480666687906
48,all_eligible,1050,518,274,full_vs_baseline,full,baseline,0.127398600346151,-0.0233100016167956
48,priority_pool,434,189,159,full_vs_baseline,full,baseline,0.217587192681532,-0.0320677027105244
49,all_eligible,1110,518,324,full_vs_baseline,full,baseline,0.0872051016241008,-0.025231674883111
49,priority_pool,500,219,216,full_vs_baseline,full,baseline,0.202350678142932,-0.0477719385463241
50,all_eligible,1270,518,331,full_vs_baseline,full,baseline,0.0954332081760825,-0.012073572744165
50,priority_pool,484,190,165,full_vs_baseline,full,baseline,0.141018333808302,-0.00977154564130428
1,all_eligible,1167,518,271,property_only_vs_baseline,property_only,baseline,0.0292690761729045,-0.00230781501624114
1,priority_pool,475,189,136,property_only_vs_baseline,property_only,baseline,0.135367863959743,-0.00512557451749082
2,all_eligible,1063,518,258,property_only_vs_baseline,property_only,baseline,0.0192594732534066,-0.00227015112071599
2,priority_pool,397,194,123,property_only_vs_baseline,property_only,baseline,0.0533647854726723,-0.00239295519527599
3,all_eligible,1227,518,253,property_only_vs_baseline,property_only,baseline,-0.00562449781269525,0.00150006775288022
3,priority_pool,496,204,146,property_only_vs_baseline,property_only,baseline,0.00294520547945198,0.00199392898018805
4,all_eligible,1316,518,396,property_only_vs_baseline,property_only,baseline,0.0934288537549407,-0.0032674863981299
4,priority_pool,622,180,246,property_only_vs_baseline,property_only,baseline,0.156871648503719,-0.00480425566531634
5,all_eligible,1052,518,253,property_only_vs_baseline,property_only,baseline,-0.0130350685392313,0.00253432088157451
5,priority_pool,436,192,151,property_only_vs_baseline,property_only,baseline,0.0534913442546765,0.00271622035716124
6,all_eligible,1110,518,317,property_only_vs_baseline,property_only,baseline,-0.0100484921294768,-0.00054626790263948
6,priority_pool,453,176,173,property_only_vs_baseline,property_only,baseline,0.0202002477291494,-0.00177773308261023
7,all_eligible,1288,518,343,property_only_vs_baseline,property_only,baseline,0.00973668378916193,0.00047925942289212
7,priority_pool,557,202,180,property_only_vs_baseline,property_only,baseline,-0.0178603006189213,0.00184351355835224
8,all_eligible,1220,518,323,property_only_vs_baseline,property_only,baseline,0.00449037210377912,-0.000670297377346973
8,priority_pool,549,196,200,property_only_vs_baseline,property_only,baseline,0.0412106017191977,-0.000741088791097022
9,all_eligible,1172,518,251,property_only_vs_baseline,property_only,baseline,0.0225979902323389,-0.00200066268020674
9,priority_pool,476,201,126,property_only_vs_baseline,property_only,baseline,0.0703968253968253,-0.0028351271207615
10,all_eligible,1254,518,331,property_only_vs_baseline,property_only,baseline,0.00775744403675127,-0.000620046983018818
10,priority_pool,582,187,212,property_only_vs_baseline,property_only,baseline,0.0641891891891891,-0.00141620902075984
11,all_eligible,1165,518,273,property_only_vs_baseline,property_only,baseline,0.0125043118316661,-0.0010062087747387
11,priority_pool,506,187,139,property_only_vs_baseline,property_only,baseline,0.0583576735341972,-0.00233654532394656
12,all_eligible,1063,518,332,property_only_vs_baseline,property_only,baseline,-0.0178868689532411,0.00328241710313956
12,priority_pool,447,186,180,property_only_vs_baseline,property_only,baseline,-0.0224615064502705,0.00844606790619196
13,all_eligible,1234,518,254,property_only_vs_baseline,property_only,baseline,0.0190502972842681,-0.00176276886758073
13,priority_pool,503,183,114,property_only_vs_baseline,property_only,baseline,0.0657894736842105,-0.00394491922629372
14,all_eligible,1081,518,196,property_only_vs_baseline,property_only,baseline,0.0198172489334717,-0.00243197201312464
14,priority_pool,471,172,95,property_only_vs_baseline,property_only,baseline,0.0622340425531914,-0.00546495675949163
15,all_eligible,1154,518,255,property_only_vs_baseline,property_only,baseline,0.0235468603459181,-0.00129309756726087
15,priority_pool,482,197,150,property_only_vs_baseline,property_only,baseline,0.112399598393574,-0.00290376304018858
16,all_eligible,1195,518,251,property_only_vs_baseline,property_only,baseline,-0.00305346410966301,0.00351658423344206
16,priority_pool,535,196,133,property_only_vs_baseline,property_only,baseline,0.0442243668873678,0.00294371170547769
17,all_eligible,1000,518,295,property_only_vs_baseline,property_only,baseline,0.00487558600793359,0.000829620174979145
17,priority_pool,392,189,145,property_only_vs_baseline,property_only,baseline,0.0113360323886639,0.00265466506691686
18,all_eligible,1042,518,284,property_only_vs_baseline,property_only,baseline,-0.000792021256828535,0.00062543380747343
18,priority_pool,448,184,174,property_only_vs_baseline,property_only,baseline,0.00206602902928099,0.00265438504526985
19,all_eligible,1270,518,242,property_only_vs_baseline,property_only,baseline,0.0239693539569733,-0.00151620693570428
19,priority_pool,513,194,130,property_only_vs_baseline,property_only,baseline,0.128098011648926,-0.005656361018225
20,all_eligible,1358,518,358,property_only_vs_baseline,property_only,baseline,-0.0231787709497207,0.0028155035425628
20,priority_pool,591,188,195,property_only_vs_baseline,property_only,baseline,0.0108780108780109,0.00350311794387889
21,all_eligible,1114,518,292,property_only_vs_baseline,property_only,baseline,0.00847415258474149,-0.000672797260728025
21,priority_pool,401,173,141,property_only_vs_baseline,property_only,baseline,0.0770867430441898,-0.00353070555606577
22,all_eligible,1226,518,307,property_only_vs_baseline,property_only,baseline,0.0149822955839976,-0.000997873806605154
22,priority_pool,568,176,179,property_only_vs_baseline,property_only,baseline,0.0441613649093076,-0.00137116743356111
23,all_eligible,1106,518,312,property_only_vs_baseline,property_only,baseline,-0.0264705644900859,0.00508135837976073
23,priority_pool,467,183,166,property_only_vs_baseline,property_only,baseline,-0.0522755473722131,0.00769035326215475
24,all_eligible,1161,518,369,property_only_vs_baseline,property_only,baseline,-0.00977765459472779,-0.000962366774134499
24,priority_pool,552,180,232,property_only_vs_baseline,property_only,baseline,0.0152276400862068,-0.00188848358525928
25,all_eligible,1231,518,316,property_only_vs_baseline,property_only,baseline,-0.00393408037628829,0.00135412363870363
25,priority_pool,485,182,159,property_only_vs_baseline,property_only,baseline,0.00361731681907629,0.00168799313115642
26,all_eligible,1179,518,322,property_only_vs_baseline,property_only,baseline,0.0129387506613421,-0.0005042710560626
26,priority_pool,524,192,173,property_only_vs_baseline,property_only,baseline,0.0154965993116282,0.000846644697008403
27,all_eligible,1227,518,263,property_only_vs_baseline,property_only,baseline,0.0127518419765552,-0.00132014367892952
27,priority_pool,528,197,134,property_only_vs_baseline,property_only,baseline,0.0494260928858247,-0.00353917398104442
28,all_eligible,1117,518,290,property_only_vs_baseline,property_only,baseline,0.0281199182754451,-0.00296661473719317
28,priority_pool,511,197,180,property_only_vs_baseline,property_only,baseline,0.141498825109097,-0.00556844470034376
29,all_eligible,1156,518,226,property_only_vs_baseline,property_only,baseline,0.0131506327909411,-0.00136778300366225
29,priority_pool,518,180,122,property_only_vs_baseline,property_only,baseline,0.0159691174035437,-0.00128512317121932
30,all_eligible,1100,518,287,property_only_vs_baseline,property_only,baseline,0.000696435535784024,0.000633237092561356
30,priority_pool,483,187,177,property_only_vs_baseline,property_only,baseline,0.0257837598316163,0.00130864032093531
31,all_eligible,1391,518,388,property_only_vs_baseline,property_only,baseline,0.0357265831371865,-0.00104642822106124
31,priority_pool,618,194,226,property_only_vs_baseline,property_only,baseline,0.0870902564565649,-0.000828456993185012
32,all_eligible,1234,518,332,property_only_vs_baseline,property_only,baseline,0.0411618758849144,-0.00257899861054869
32,priority_pool,498,172,187,property_only_vs_baseline,property_only,baseline,0.205383702735698,-0.00536834738193071
33,all_eligible,1174,518,269,property_only_vs_baseline,property_only,baseline,0.00407689621885843,0.000499383166659012
33,priority_pool,465,195,140,property_only_vs_baseline,property_only,baseline,0.0539670329670329,-0.00198298170908942
34,all_eligible,1427,518,388,property_only_vs_baseline,property_only,baseline,0.0207252215155334,-0.00154957889324156
34,priority_pool,618,185,217,property_only_vs_baseline,property_only,baseline,0.0516335888389625,2.53764859838024e-05
35,all_eligible,1280,518,359,property_only_vs_baseline,property_only,baseline,-0.0182585841355678,0.0032691904362756
35,priority_pool,548,189,212,property_only_vs_baseline,property_only,baseline,0.104770327942498,0.00277017363065915
36,all_eligible,1029,518,236,property_only_vs_baseline,property_only,baseline,0.00875510291320247,-0.000577776453355022
36,priority_pool,433,188,129,property_only_vs_baseline,property_only,baseline,0.0579355365157079,-0.00237150079554224
37,all_eligible,1246,518,333,property_only_vs_baseline,property_only,baseline,0.0132174891211035,-0.000965120414752357
37,priority_pool,540,187,180,property_only_vs_baseline,property_only,baseline,0.0243981481481482,-1.31322291991032e-05
38,all_eligible,1290,518,279,property_only_vs_baseline,property_only,baseline,0.0230510974265162,-0.00147580156817306
38,priority_pool,587,198,163,property_only_vs_baseline,property_only,baseline,0.0763904965852529,-0.00157497424469025
39,all_eligible,1285,518,321,property_only_vs_baseline,property_only,baseline,0.0343987926733108,-0.00307230189363647
39,priority_pool,491,185,168,property_only_vs_baseline,property_only,baseline,0.122475305911838,-0.00444133285759316
40,all_eligible,1055,518,287,property_only_vs_baseline,property_only,baseline,0.0261777729384437,-0.00202103740455958
40,priority_pool,469,178,166,property_only_vs_baseline,property_only,baseline,0.136904051850968,-0.00425026065292478
41,all_eligible,999,518,205,property_only_vs_baseline,property_only,baseline,0.0300178165509615,-0.00218037082229908
41,priority_pool,356,177,96,property_only_vs_baseline,property_only,baseline,0.11963141025641,-0.00450359118625643
42,all_eligible,1235,518,243,property_only_vs_baseline,property_only,baseline,0.0124535377671579,-0.00163061628609876
42,priority_pool,462,174,105,property_only_vs_baseline,property_only,baseline,0.0612244897959184,-0.00635361281132066
43,all_eligible,1253,518,307,property_only_vs_baseline,property_only,baseline,-0.021943929867572,0.00154052089693899
43,priority_pool,535,188,176,property_only_vs_baseline,property_only,baseline,0.00632280324132695,-0.00101393102032665
44,all_eligible,1224,518,249,property_only_vs_baseline,property_only,baseline,0.0334404283801875,-0.0016667039251545
44,priority_pool,482,187,130,property_only_vs_baseline,property_only,baseline,0.125994318181818,-0.00469897254636806
45,all_eligible,1230,518,298,property_only_vs_baseline,property_only,baseline,-0.0129187429789441,0.00371403888129987
45,priority_pool,533,187,164,property_only_vs_baseline,property_only,baseline,-0.0493257981360301,0.00882705729751995
46,all_eligible,1096,518,295,property_only_vs_baseline,property_only,baseline,0.00943523984849448,-0.000174944583830966
46,priority_pool,442,176,153,property_only_vs_baseline,property_only,baseline,0.00935160684804481,0.00408686929142757
47,all_eligible,1294,518,289,property_only_vs_baseline,property_only,baseline,0.0197662207991186,0.000966199743617585
47,priority_pool,611,186,178,property_only_vs_baseline,property_only,baseline,0.069582479175857,-0.00107761410185328
48,all_eligible,1050,518,274,property_only_vs_baseline,property_only,baseline,0.000912408759124017,0.000157546929463931
48,priority_pool,434,189,159,property_only_vs_baseline,property_only,baseline,0.0143396226415093,0.00100989878389307
49,all_eligible,1110,518,324,property_only_vs_baseline,property_only,baseline,0.0358099299469105,-0.00198245184231588
49,priority_pool,500,219,216,property_only_vs_baseline,property_only,baseline,0.0981677099634846,-0.00334052722123751
50,all_eligible,1270,518,331,property_only_vs_baseline,property_only,baseline,-0.0214826468988993,0.00243166447226792
50,priority_pool,484,190,165,property_only_vs_baseline,property_only,baseline,0.000113992590481615,0.00126543647167601
1,all_eligible,1167,518,271,full_vs_property_only,full,property_only,0.0986755403268319,-0.0126953592484153
1,priority_pool,475,189,136,full_vs_property_only,full,property_only,0.0945688009717162,-0.0214841768870462
2,all_eligible,1063,518,258,full_vs_property_only,full,property_only,0.103435408541576,-0.0149358919339444
2,priority_pool,397,194,123,full_vs_property_only,full,property_only,0.145614503590291,-0.0212083286070374
3,all_eligible,1227,518,253,full_vs_property_only,full,property_only,0.0931430635251722,-0.0110361501322618
3,priority_pool,496,204,146,full_vs_property_only,full,property_only,0.154315068493151,-0.015013264586416
4,all_eligible,1316,518,396,full_vs_property_only,full,property_only,0.0494194664031621,-0.0151383634046368
4,priority_pool,622,180,246,full_vs_property_only,full,property_only,0.0883605777547137,-0.0267248421033443
5,all_eligible,1052,518,253,full_vs_property_only,full,property_only,0.127570530356622,-0.021074907176991
5,priority_pool,436,192,151,full_vs_property_only,full,property_only,0.194876263506448,-0.0323895862160645
6,all_eligible,1110,518,317,full_vs_property_only,full,property_only,0.0932011568097827,-0.0176002372450593
6,priority_pool,453,176,173,full_vs_property_only,full,property_only,0.159826589595376,-0.0255401349565057
7,all_eligible,1288,518,343,full_vs_property_only,full,property_only,0.0906828944729819,-0.0113068799404077
7,priority_pool,557,202,180,full_vs_property_only,full,property_only,0.134003831417625,-0.0107517281603655
8,all_eligible,1220,518,323,full_vs_property_only,full,property_only,0.0829545336881452,-0.0154530906647501
8,priority_pool,549,196,200,full_vs_property_only,full,property_only,0.141969914040115,-0.0222635170035459
9,all_eligible,1172,518,251,full_vs_property_only,full,property_only,0.0554481314697778,0.00618567210432117
9,priority_pool,476,201,126,full_vs_property_only,full,property_only,0.0621315192743764,0.00761237795909478
10,all_eligible,1254,518,331,full_vs_property_only,full,property_only,0.109905306811821,-0.0236853018800007
10,priority_pool,582,187,212,full_vs_property_only,full,property_only,0.186225140234574,-0.0397385096665408
11,all_eligible,1165,518,273,full_vs_property_only,full,property_only,0.104247770167053,-0.0123757328678627
11,priority_pool,506,187,139,full_vs_property_only,full,property_only,0.122998059318213,-0.0181707108525462
12,all_eligible,1063,518,332,full_vs_property_only,full,property_only,0.120329471099171,-0.0184711537089241
12,priority_pool,447,186,180,full_vs_property_only,full,property_only,0.132303370786517,-0.0134381719636563
13,all_eligible,1234,518,254,full_vs_property_only,full,property_only,0.109241925116503,-0.00795745169983364
13,priority_pool,503,183,114,full_vs_property_only,full,property_only,0.0776056465070131,-0.00583363226755129
14,all_eligible,1081,518,196,full_vs_property_only,full,property_only,0.0398910411622276,0.0179068611562004
14,priority_pool,471,172,95,full_vs_property_only,full,property_only,0.0285414333706607,0.017435778519269
15,all_eligible,1154,518,255,full_vs_property_only,full,property_only,0.0808545442648694,-0.0118431588528323
15,priority_pool,482,197,150,full_vs_property_only,full,property_only,0.124497991967871,-0.0177469240252127
16,all_eligible,1195,518,251,full_vs_property_only,full,property_only,0.091464649875076,-0.00971112418519865
16,priority_pool,535,196,133,full_vs_property_only,full,property_only,0.0963790072195414,-0.01196606414681
17,all_eligible,1000,518,295,full_vs_property_only,full,property_only,0.125164082221421,-0.0125830393381332
17,priority_pool,392,189,145,full_vs_property_only,full,property_only,0.16417702080134,-0.00865455120094391
18,all_eligible,1042,518,284,full_vs_property_only,full,property_only,0.0921044074473225,-0.0208573569099942
18,priority_pool,448,184,174,full_vs_property_only,full,property_only,0.175213944122829,-0.0364232276995554
19,all_eligible,1270,518,242,full_vs_property_only,full,property_only,0.107494292053896,-0.0199989934231501
19,priority_pool,513,194,130,full_vs_property_only,full,property_only,0.0945772243422374,-0.0291722272172673
20,all_eligible,1358,518,358,full_vs_property_only,full,property_only,0.12808938547486,-0.0161273745021396
20,priority_pool,591,188,195,full_vs_property_only,full,property_only,0.183067858067858,-0.0162471768600936
21,all_eligible,1114,518,292,full_vs_property_only,full,property_only,0.147083208345832,-0.0254937979389056
21,priority_pool,401,173,141,full_vs_property_only,full,property_only,0.219421713038734,-0.0369246156932845
22,all_eligible,1226,518,307,full_vs_property_only,full,property_only,0.0575579602527886,-0.00485032021775714
22,priority_pool,568,176,179,full_vs_property_only,full,property_only,0.117002484525571,-0.0124766266249287
23,all_eligible,1106,518,312,full_vs_property_only,full,property_only,0.0855272718465414,-0.00781644061545903
23,priority_pool,467,183,166,full_vs_property_only,full,property_only,0.111255653844614,-0.00450735549596781
24,all_eligible,1161,518,369,full_vs_property_only,full,property_only,0.115663751334483,-0.0204902472010296
24,priority_pool,552,180,232,full_vs_property_only,full,property_only,0.167591594827586,-0.0293556875552177
25,all_eligible,1231,518,316,full_vs_property_only,full,property_only,0.0887234557653731,-0.00866027022507013
25,priority_pool,485,182,159,full_vs_property_only,full,property_only,0.101448855963267,-0.00344847885832597
26,all_eligible,1179,518,322,full_vs_property_only,full,property_only,0.0719177833986824,-0.00638232142325082
26,priority_pool,524,192,173,full_vs_property_only,full,property_only,0.100332658136126,-0.00305269270807318
27,all_eligible,1227,518,263,full_vs_property_only,full,property_only,0.0634752220626982,0.00185265486216657
27,priority_pool,528,197,134,full_vs_property_only,full,property_only,0.0506193651034169,0.00585326710543432
28,all_eligible,1117,518,290,full_vs_property_only,full,property_only,0.094948505191177,-0.0159042744699177
28,priority_pool,511,197,180,full_vs_property_only,full,property_only,0.136052366565962,-0.0258184177257946
29,all_eligible,1156,518,226,full_vs_property_only,full,property_only,0.0470858311923114,0.0162938612999859
29,priority_pool,518,180,122,full_vs_property_only,full,property_only,0.057625434674615,0.0236456984776902
30,all_eligible,1100,518,287,full_vs_property_only,full,property_only,0.147695762671912,-0.0256913500029196
30,priority_pool,483,187,177,full_vs_property_only,full,property_only,0.230170599313172,-0.0348858511017829
31,all_eligible,1391,518,388,full_vs_property_only,full,property_only,0.0385030475583559,-0.00413561324628844
31,priority_pool,618,194,226,full_vs_property_only,full,property_only,0.0566811901751851,-0.00755942237046819
32,all_eligible,1234,518,332,full_vs_property_only,full,property_only,0.122542275532284,-0.0269627877406944
32,priority_pool,498,172,187,full_vs_property_only,full,property_only,0.176083704455182,-0.0421167776923367
33,all_eligible,1174,518,269,full_vs_property_only,full,property_only,0.071632196183943,-0.00149916394087857
33,priority_pool,465,195,140,full_vs_property_only,full,property_only,0.0821208791208792,0.00210019415969143
34,all_eligible,1427,518,388,full_vs_property_only,full,property_only,0.0887165990295983,-0.0135656953522124
34,priority_pool,618,185,217,full_vs_property_only,full,property_only,0.154050357976028,-0.0187038729923316
35,all_eligible,1280,518,359,full_vs_property_only,full,property_only,0.0983686135029443,-0.0156081295722666
35,priority_pool,548,189,212,full_vs_property_only,full,property_only,0.110210298742138,-0.0203567527281794
36,all_eligible,1029,518,236,full_vs_property_only,full,property_only,0.125243123089747,-0.018833740542298
36,priority_pool,433,188,129,full_vs_property_only,full,property_only,0.170733884128927,-0.0246322814036119
37,all_eligible,1246,518,333,full_vs_property_only,full,property_only,0.119756667949439,-0.0192364805086488
37,priority_pool,540,187,180,full_vs_property_only,full,property_only,0.200663580246914,-0.0261933608786594
38,all_eligible,1290,518,279,full_vs_property_only,full,property_only,0.0950848905764192,-0.0149025560784271
38,priority_pool,587,198,163,full_vs_property_only,full,property_only,0.159190878573909,-0.0289289530510762
39,all_eligible,1285,518,321,full_vs_property_only,full,property_only,0.0884037176355012,-0.017350219353648
39,priority_pool,491,185,168,full_vs_property_only,full,property_only,0.0866596638655462,-0.0247347826860643
40,all_eligible,1055,518,287,full_vs_property_only,full,property_only,0.141158082897793,-0.0262201777692877
40,priority_pool,469,178,166,full_vs_property_only,full,property_only,0.179569764205336,-0.0354200731758923
41,all_eligible,999,518,205,full_vs_property_only,full,property_only,0.0883148000245745,-0.00720760569856538
41,priority_pool,356,177,96,full_vs_property_only,full,property_only,0.0732171474358975,-0.0124888358559983
42,all_eligible,1235,518,243,full_vs_property_only,full,property_only,0.0729851154918358,0.00732041354161467
42,priority_pool,462,174,105,full_vs_property_only,full,property_only,0.0174336401227158,0.0145114082453287
43,all_eligible,1253,518,307,full_vs_property_only,full,property_only,0.0814263382250656,-0.00590161613275497
43,priority_pool,535,188,176,full_vs_property_only,full,property_only,0.0698911116738414,0.000923960715702304
44,all_eligible,1224,518,249,full_vs_property_only,full,property_only,0.0800576665636906,-0.00804745007244595
44,priority_pool,482,187,130,full_vs_property_only,full,property_only,0.0980113636363637,-0.0154703488660145
45,all_eligible,1230,518,298,full_vs_property_only,full,property_only,0.105926131290146,-0.0131045947886072
45,priority_pool,533,187,164,full_vs_property_only,full,property_only,0.204730980236632,-0.0194326430426906
46,all_eligible,1096,518,295,full_vs_property_only,full,property_only,0.0499820140079139,0.000621062860858113
46,priority_pool,442,176,153,full_vs_property_only,full,property_only,0.0251713142004207,0.0147068141019248
47,all_eligible,1294,518,289,full_vs_property_only,full,property_only,0.116832791061991,-0.0218766607821553
47,priority_pool,611,186,178,full_vs_property_only,full,property_only,0.168863689441316,-0.0303704525669373
48,all_eligible,1050,518,274,full_vs_property_only,full,property_only,0.126486191587027,-0.0234675485462596
48,priority_pool,434,189,159,full_vs_property_only,full,property_only,0.203247570040023,-0.0330776014944175
49,all_eligible,1110,518,324,full_vs_property_only,full,property_only,0.0513951716771903,-0.0232492230407951
49,priority_pool,500,219,216,full_vs_property_only,full,property_only,0.104182968179447,-0.0444314113250865
50,all_eligible,1270,518,331,full_vs_property_only,full,property_only,0.116915855074982,-0.014505237216433
50,priority_pool,484,190,165,full_vs_property_only,full,property_only,0.140904341217821,-0.0110369821129803
