scope,fraction,pair,metric,splits,n_finite,mean_difference,median_difference,p05_difference,p95_difference,min_difference,max_difference,better_splits,tied_splits,worse_splits,better_direction
all_eligible,0.1,full_vs_baseline,expected_target_selected_difference,50,50,18.9536023578854,20.4468854828975,-3.94298935298939,40.259653142737,-9.83375959079282,56.4329896907217,45,0,5,higher
all_eligible,0.1,full_vs_baseline,precision_difference_pp,50,50,15.8835665722377,17.0363357039139,-3.30141916855971,30.526991665911,-8.47737895758002,45.5104755570336,45,0,5,higher
all_eligible,0.1,full_vs_baseline,recall_difference_pp,50,50,6.28521531534899,7.28874664894131,-1.58373766740302,13.2577500412946,-4.35122105787293,16.9978884610607,45,0,5,higher
all_eligible,0.1,full_vs_property_only,expected_target_selected_difference,50,50,15.9410793650794,15.1,-10.1,36.2705357142857,-14.4285714285714,46.4285714285714,44,0,6,higher
all_eligible,0.1,full_vs_property_only,precision_difference_pp,50,50,13.3777399558805,12.7747663551402,-8.48164627363737,31.1006048387097,-12.8440366972477,35.7142857142857,44,0,6,higher
all_eligible,0.1,full_vs_property_only,recall_difference_pp,50,50,5.11658546989022,5.03353973168215,-4.34365781710915,11.869188821536,-7.14285714285714,16.0652496292635,44,0,6,higher
all_eligible,0.1,property_only_vs_baseline,expected_target_selected_difference,50,50,3.01252299280603,3.07541065206575,-8.66918228829994,17.4274949992307,-14.0058968058969,20.1994750656168,31,0,19,higher
all_eligible,0.1,property_only_vs_baseline,precision_difference_pp,50,50,2.5058266163572,2.74515571401564,-7.96472534125141,14.4845371364943,-11.9708519708521,16.7709867452136,31,0,19,higher
all_eligible,0.1,property_only_vs_baseline,recall_difference_pp,50,50,1.16862984545877,1.14643647613179,-3.1591454419695,6.28109233057364,-3.79563599075798,8.11223898217541,31,0,19,higher
all_eligible,0.25,full_vs_baseline,expected_target_selected_difference,50,50,33.9258054353279,34.6692198843361,7.04528744939272,62.3811091907762,-0.654731457800423,76.6340206185569,48,0,2,higher
all_eligible,0.25,full_vs_baseline,precision_difference_pp,50,50,11.4635898284669,11.6107153828333,2.36976595617728,19.7153621600018,-0.226550677439594,27.3570209133589,48,0,2,higher
all_eligible,0.25,full_vs_baseline,recall_difference_pp,50,50,11.4709361386479,11.3562548562549,2.33080408617874,19.075030067948,-0.28970418486744,25.1646464150758,48,0,2,higher
all_eligible,0.25,full_vs_property_only,expected_target_selected_difference,50,50,26.997280201691,26.5333333333333,1.25714285714288,48.6366666666667,-9.39999999999999,60.6666666666667,48,0,2,higher
all_eligible,0.25,full_vs_property_only,precision_difference_pp,50,50,9.16393197870911,8.89487826187297,0.401043697062066,16.6514030281968,-3.46863468634686,18.4090909090909,48,0,2,higher
all_eligible,0.25,full_vs_property_only,recall_difference_pp,50,50,9.03210318379174,9.19490103991949,0.352006400116368,15.9502244220022,-4.79591836734694,16.9459962756052,48,0,2,higher
all_eligible,0.25,property_only_vs_baseline,expected_target_selected_difference,50,50,6.92852523363685,6.03310615290882,-10.0879625472648,26.938858489132,-12.4139194139196,36.9788482047637,35,0,15,higher
all_eligible,0.25,property_only_vs_baseline,precision_difference_pp,50,50,2.29965784975783,2.13255140009467,-3.40492747092655,9.13006709839225,-3.97212464881629,11.9672647911857,35,0,15,higher
all_eligible,0.25,property_only_vs_baseline,recall_difference_pp,50,50,2.43883295485611,2.37372265360558,-2.94498825728915,8.10972579382231,-3.7504288259576,11.1382072905915,35,0,15,higher
all_eligible,0.5,full_vs_baseline,expected_target_selected_difference,50,50,34.6449261218653,34.9726661059714,17.4619909502261,48.2257698060657,8.00000000000017,54.4117647058827,50,0,0,higher
all_eligible,0.5,full_vs_baseline,precision_difference_pp,50,50,5.88927272981146,5.75805951547208,2.93452699501681,8.70544849061273,1.30505709624799,9.02874161461954,50,0,0,higher
all_eligible,0.5,full_vs_baseline,recall_difference_pp,50,50,12.0070920246449,12.0075858172882,5.34228673625305,16.9503143791284,2.60586319218246,18.5933068633012,50,0,0,higher
all_eligible,0.5,full_vs_property_only,expected_target_selected_difference,50,50,33.9208465126205,35.9,9.72808823529409,52.8233082706767,1,54.5,50,0,0,higher
all_eligible,0.5,full_vs_property_only,precision_difference_pp,50,50,5.77133627200135,6.25344651838979,1.42858549325819,9.19487844408428,0.163132137030997,9.84848484848485,50,0,0,higher
all_eligible,0.5,full_vs_property_only,recall_difference_pp,50,50,11.8071404651965,12.1771409006298,2.53789449454966,18.1853025023757,0.325732899022801,18.9618644067797,50,0,0,higher
all_eligible,0.5,property_only_vs_baseline,expected_target_selected_difference,50,50,0.724079609244823,-0.0300373681542681,-10.1033415233415,10.1872046649345,-28.8541033434651,47.6470588235297,25,0,25,higher
all_eligible,0.5,property_only_vs_baseline,precision_difference_pp,50,50,0.117936457810107,-0.00415174201442992,-1.82297062492135,1.92691883072873,-4.24949975603315,7.24119435008051,25,0,25,higher
all_eligible,0.5,property_only_vs_baseline,recall_difference_pp,50,50,0.199951559448448,-0.00899816923849994,-4.00687432941026,3.55269803971427,-8.05980540320255,12.0320855614974,25,0,25,higher
priority_fixed_quota,0.1,full_vs_baseline,expected_target_selected_difference,50,50,11.566655844494,12.2371989621496,-1.51322318557377,22.4763037830615,-2.889164598842,23.0990834308067,46,0,4,higher
priority_fixed_quota,0.1,full_vs_baseline,precision_difference_pp,50,50,22.0374199008528,23.6178454390197,-2.97623212068762,40.9871086337246,-5.89625428335102,43.7102604981916,46,0,4,higher
priority_fixed_quota,0.1,full_vs_baseline,recall_difference_pp,50,50,6.84107265850755,7.54732477962474,-1.19640397872381,12.4663284630025,-3.0412258935179,13.4941841436743,46,0,4,higher
priority_fixed_quota,0.1,full_vs_property_only,expected_target_selected_difference,50,50,8.59890231990232,6.5,-2.59583333333333,22.725,-12,27.3333333333333,43,0,7,higher
priority_fixed_quota,0.1,full_vs_property_only,precision_difference_pp,50,50,16.2694512874031,13.66899097621,-4.87788383621717,41.5833333333333,-24.4897959183673,45.5555555555556,43,0,7,higher
priority_fixed_quota,0.1,full_vs_property_only,recall_difference_pp,50,50,4.68641428287301,4.61429700170499,-2.1795010066149,12.3949911347518,-12.6315789473684,13.9513108614232,43,0,7,higher
priority_fixed_quota,0.1,property_only_vs_baseline,expected_target_selected_difference,50,50,2.9677535245917,3.07335305727116,-3.21642189645562,10.3931108754731,-4.25377073906482,12.1016425366184,36,0,14,higher
priority_fixed_quota,0.1,property_only_vs_baseline,precision_difference_pp,50,50,5.76796861344971,5.42187733309155,-5.77203142409212,19.5367068059261,-9.45282386458848,24.2032850732369,36,0,14,higher
priority_fixed_quota,0.1,property_only_vs_baseline,recall_difference_pp,50,50,2.15465837563453,1.79712126071818,-1.6693358552455,8.14555816956477,-2.81706671461246,9.59035305385053,36,0,14,higher
priority_fixed_quota,0.25,full_vs_baseline,expected_target_selected_difference,50,50,21.9888696367511,22.023405353758,-0.76446660885797,46.0770915344337,-3.61807107282278,53.0246268656716,46,0,4,higher
priority_fixed_quota,0.25,full_vs_baseline,precision_difference_pp,50,50,17.1889840288373,17.9386590715832,-0.662956801780127,31.7551464896158,-2.78313159447906,38.3953488372093,46,0,4,higher
priority_fixed_quota,0.25,full_vs_baseline,recall_difference_pp,50,50,13.0791934897466,13.2670814199028,-0.552147046072376,24.4877938980129,-2.96563202690392,29.7891162166695,46,0,4,higher
priority_fixed_quota,0.25,full_vs_property_only,expected_target_selected_difference,50,50,14.1434235070056,13.5285947712418,-8.04029411764705,34.6406406093906,-12.9285714285714,50.2857142857143,42,0,8,higher
priority_fixed_quota,0.25,full_vs_property_only,precision_difference_pp,50,50,11.0016060452579,10.8249576510446,-6.33011275127958,27.5543808049536,-10.8643457382953,32.6530612244898,42,0,8,higher
priority_fixed_quota,0.25,full_vs_property_only,recall_difference_pp,50,50,7.80996870362143,8.20708944150988,-6.51546356247417,19.3229878575016,-13.609022556391,28.2504012841092,42,0,8,higher
priority_fixed_quota,0.25,property_only_vs_baseline,expected_target_selected_difference,50,50,7.8454461297455,8.84710874599303,-3.719092861525,21.4511463590692,-8.45572074983846,27.3748118931208,42,0,8,higher
priority_fixed_quota,0.25,property_only_vs_baseline,precision_difference_pp,50,50,6.18737798357939,6.70484412156328,-3.10168375169995,17.1511648581708,-7.68701886348951,18.5248575513244,42,0,8,higher
priority_fixed_quota,0.25,property_only_vs_baseline,recall_difference_pp,50,50,5.2692247861252,5.19270097010568,-2.29455350382163,14.0508352349491,-5.59981506611818,18.1378268520161,42,0,8,higher
priority_fixed_quota,0.5,full_vs_baseline,expected_target_selected_difference,50,50,26.7051164626432,26.6052545155994,10.0511244377811,44.3677464788733,-0.860777873811443,57.5,49,0,1,higher
priority_fixed_quota,0.5,full_vs_baseline,precision_difference_pp,50,50,10.670433661156,10.9329026806316,3.57119027718896,17.7451791370618,-0.387737780996145,23.0923694779116,49,0,1,higher
priority_fixed_quota,0.5,full_vs_baseline,recall_difference_pp,50,50,16.5324858981961,16.2985023098139,5.55051535810736,26.535347416525,-0.562599917523821,30.7486631016043,49,0,1,higher
priority_fixed_quota,0.5,full_vs_property_only,expected_target_selected_difference,50,50,15.790373691723,15.96875,0.81309523809524,29.8274080267559,-5.06666666666666,37.5714285714286,47,0,3,higher
priority_fixed_quota,0.5,full_vs_property_only,precision_difference_pp,50,50,6.35300507748812,6.24122539617428,0.338222810832373,12.598715759433,-2.28228228228228,14.071696094168,47,0,3,higher
priority_fixed_quota,0.5,full_vs_property_only,recall_difference_pp,50,50,9.68283780543443,9.80296341047805,0.386783778552077,17.4648952763328,-3.3115468409586,22.9094076655052,47,0,3,higher
priority_fixed_quota,0.5,property_only_vs_baseline,expected_target_selected_difference,50,50,10.9147427709202,9.04876614136905,-4.17615624396416,33.3969298245615,-16.7280701754386,36.3746833670651,40,0,10,higher
priority_fixed_quota,0.5,property_only_vs_baseline,precision_difference_pp,50,50,4.31742858366786,3.519067557199,-1.56985125330738,12.5709428210974,-6.26519482226165,14.4919057239303,40,0,10,higher
priority_fixed_quota,0.5,property_only_vs_baseline,recall_difference_pp,50,50,6.84964809276165,5.93614962132474,-2.27620616956761,18.2964343300127,-10.2000427899016,21.6275984077842,40,0,10,higher
priority_pool,0.1,full_vs_baseline,expected_target_selected_difference,50,50,10.7121481162784,11.3960547504026,-2.12235915492959,22.3581131078224,-3.80645161290322,26.08,46,0,4,higher
priority_pool,0.1,full_vs_baseline,precision_difference_pp,50,50,20.7242687090311,22.7801942032852,-4.51565777644593,40.2182374181789,-7.93010752688171,51.5051546391753,46,0,4,higher
priority_pool,0.1,full_vs_baseline,recall_difference_pp,50,50,6.21015474561578,6.89548012447143,-1.61098225655234,11.5249233105263,-4.00679117147707,13.7714317217046,46,0,4,higher
priority_pool,0.1,full_vs_property_only,expected_target_selected_difference,50,50,10.1314014319014,9.75,-1.1375,22.275,-6,23.8571428571429,45,0,5,higher
priority_pool,0.1,full_vs_property_only,precision_difference_pp,50,50,19.6967802211396,18.5729847494553,-2.28134827044025,41.9969765684051,-12.5,47.7272727272727,45,0,5,higher
priority_pool,0.1,full_vs_property_only,recall_difference_pp,50,50,5.73795190150684,5.41909489891359,-0.881455816157309,12.222396585274,-6.31578947368421,13.9072847682119,45,0,5,higher
priority_pool,0.1,property_only_vs_baseline,expected_target_selected_difference,50,50,0.580746684376919,-0.0216503267973867,-5.70262059369202,8.6297077922078,-9.25595238095237,12.48,25,0,25,higher
priority_pool,0.1,property_only_vs_baseline,precision_difference_pp,50,50,1.02748848789152,-0.00181830900964353,-11.4500917374815,17.4800777453839,-18.5119047619047,19.8095238095239,25,0,25,higher
priority_pool,0.1,property_only_vs_baseline,recall_difference_pp,50,50,0.472202844108938,-0.0038277871570222,-3.29216491279949,5.64317360315642,-4.2851631393298,6.64835164835165,25,0,25,higher
priority_pool,0.25,full_vs_baseline,expected_target_selected_difference,50,50,21.0877242745767,21.0590623846438,-0.161776061776048,43.5775442477876,-7.05626598465478,56.0773195876288,47,0,3,higher
priority_pool,0.25,full_vs_baseline,precision_difference_pp,50,50,16.5446663001558,18.486524979117,-0.154717525407169,30.4249921983572,-5.4278969112729,44.861855670103,47,0,3,higher
priority_pool,0.25,full_vs_baseline,recall_difference_pp,50,50,12.3908679828582,12.519070050184,-0.0366921543391987,24.8486250501875,-5.78382457758588,29.9878714372346,47,0,3,higher
priority_pool,0.25,full_vs_property_only,expected_target_selected_difference,50,50,15.7630694919116,15.3428571428571,-6.10714285714286,37.275,-10,42.3333333333333,44,0,6,higher
priority_pool,0.25,full_vs_property_only,precision_difference_pp,50,50,12.3934998187437,12.0771288847399,-4.83943577430973,28.4731651376147,-7.69230769230769,32.6732673267327,44,0,6,higher
priority_pool,0.25,full_vs_property_only,recall_difference_pp,50,50,8.9637762523626,8.88461598041949,-4.67940907706366,21.0083705937402,-8.70813397129187,23.7827715355805,44,0,6,higher
priority_pool,0.25,property_only_vs_baseline,expected_target_selected_difference,50,50,5.32465478266507,4.41670829170829,-3.65958823529414,20.1342088440619,-4.72676056338032,30.0126315789472,36,0,14,higher
priority_pool,0.25,property_only_vs_baseline,precision_difference_pp,50,50,4.15116648141209,4.07664179381523,-2.92973028703403,16.3423537349749,-4.03996629348745,20.3796176975946,36,0,14,higher
priority_pool,0.25,property_only_vs_baseline,recall_difference_pp,50,50,3.42709173049556,2.89289457921535,-2.09617911213757,12.7699252752306,-2.84744612251826,15.188774480113,36,0,14,higher
priority_pool,0.5,full_vs_baseline,expected_target_selected_difference,50,50,28.0893598443837,26.8624584717606,8.89588631533455,50.1530840495407,2.52000000000005,65.9742268041238,50,0,0,higher
priority_pool,0.5,full_vs_baseline,precision_difference_pp,50,50,11.1948097977139,10.7765345874297,3.61935106874054,19.3019480117891,1.1402714932127,26.4956734153108,50,0,0,higher
priority_pool,0.5,full_vs_baseline,recall_difference_pp,50,50,17.2195031066693,15.7548532072266,6.26338529684655,28.3249207485183,1.64705882352944,35.280335189371,50,0,0,higher
priority_pool,0.5,full_vs_property_only,expected_target_selected_difference,50,50,17.3191059680064,17.5777777777778,2.05054945054945,32.3269230769231,-1.28571428571425,35.5555555555555,49,0,1,higher
priority_pool,0.5,full_vs_property_only,precision_difference_pp,50,50,6.90778512422302,7.00938777083815,0.827743684886541,12.5190092165899,-0.522648083623678,13.1687242798354,49,0,1,higher
priority_pool,0.5,full_vs_property_only,recall_difference_pp,50,50,10.4270359962679,10.1051099871548,1.72459523419012,18.7973762671437,-0.765306122448961,20.8724202626642,49,0,1,higher
priority_pool,0.5,property_only_vs_baseline,expected_target_selected_difference,50,50,10.7702538763774,10.1832844476813,-4.4931427479426,27.5445082085056,-8.54906497011766,44.5099410898381,42,0,8,higher
priority_pool,0.5,property_only_vs_baseline,precision_difference_pp,50,50,4.28702467349084,4.21505146049215,-1.90555821510665,11.395817409838,-3.20189699255343,17.8754783493326,42,0,8,higher
priority_pool,0.5,property_only_vs_baseline,recall_difference_pp,50,50,6.79246711040139,7.27548646646584,-2.61587455112711,17.9154689950847,-5.21284449397418,23.8021075346728,42,0,8,higher
