scope,pair,metric,splits,n_finite,mean_difference,median_difference,p05_difference,p95_difference,min_difference,max_difference,better_splits,tied_splits,worse_splits,better_direction
all_eligible,full_vs_baseline,auc_difference,50,50,0.104897324964218,0.104656009567964,0.0595840551396862,0.152333037705279,0.0590567073564555,0.167335855836237,50,0,0,higher
all_eligible,full_vs_baseline,brier_difference,50,50,-0.0125562211216585,-0.0133469063010891,-0.0257458810571984,0.00501264273138524,-0.0295417863512431,0.0154748891430757,44,0,6,lower
all_eligible,full_vs_property_only,auc_difference,50,50,0.0940545528462103,0.0931721101674774,0.0481359670371942,0.135277169057473,0.0385030475583559,0.147695762671912,50,0,0,higher
all_eligible,full_vs_property_only,brier_difference,50,50,-0.0122726912753273,-0.0140354662843227,-0.0256024515741133,0.00680977989483259,-0.0269627877406944,0.0179068611562004,44,0,6,lower
all_eligible,property_only_vs_baseline,auc_difference,50,50,0.010842772118008,0.012478924799412,-0.0217363525316693,0.0357724238825347,-0.0264705644900859,0.0934288537549407,36,0,14,higher
all_eligible,property_only_vs_baseline,brier_difference,50,50,-0.000283529846331164,-0.000817582017431262,-0.00279218748020316,0.00341120902480594,-0.0032674863981299,0.00508135837976073,32,0,18,lower
priority_pool,full_vs_baseline,auc_difference,50,50,0.181996699144454,0.182999875336553,0.074773265354813,0.287977687099385,0.0345229210484656,0.38146740719088,50,0,0,higher
priority_pool,full_vs_baseline,brier_difference,50,50,-0.0174705864429421,-0.0194239089593651,-0.040839989840223,0.0102549599131812,-0.0477719385463241,0.0223605753064709,42,0,8,lower
priority_pool,full_vs_property_only,auc_difference,50,50,0.126687856381001,0.128400681377194,0.038476502650401,0.204063445648158,0.0174336401227158,0.230170599313172,50,0,0,higher
priority_pool,full_vs_property_only,brier_difference,50,50,-0.0166280310628498,-0.0184372919224389,-0.0384722573785755,0.0146188814664565,-0.0444314113250865,0.0236456984776902,42,0,8,lower
priority_pool,property_only_vs_baseline,auc_difference,50,50,0.0553088427634525,0.0534280648636744,-0.0203909638261634,0.139431177142939,-0.0522755473722131,0.205383702735698,46,0,4,higher
priority_pool,property_only_vs_baseline,brier_difference,50,50,-0.000842555380092339,-0.00139368822716048,-0.0055218751269603,0.00606878547532751,-0.00635361281132066,0.00882705729751995,32,0,18,lower
