segment,fraction,pair,metric,splits,n_finite,mean_difference,median_difference,p05_difference,p95_difference,min_difference,max_difference,better_splits,tied_splits,worse_splits,better_direction
Melbourne 2BR Apartment/unit,0.1,full_vs_baseline,expected_target_selected_difference,50,50,7.76368912937967,7.55205121199113,-2.12505308775732,16.2111219413017,-5.29476584022038,17.1,45,0,5,higher
Melbourne 2BR Apartment/unit,0.1,full_vs_baseline,precision_difference_pp,50,50,19.7785003702738,20.5302792137001,-6.26061755146263,40.2900488562387,-14.3101779465416,42.2025129342202,45,0,5,higher
Melbourne 2BR Apartment/unit,0.1,full_vs_baseline,recall_difference_pp,50,50,6.22194393610663,6.92144089971623,-1.84609068411735,12.2816762963505,-5.24234241605978,14.8009950248756,45,0,5,higher
Melbourne 2BR Apartment/unit,0.1,full_vs_property_only,expected_target_selected_difference,50,50,5.56390231990232,3.57142857142857,-2,15.7,-9,18.6666666666667,39,1,10,higher
Melbourne 2BR Apartment/unit,0.1,full_vs_property_only,precision_difference_pp,50,50,14.2333157602531,9.8109243697479,-5.52808302808303,41.8146853146853,-25,50,39,1,10,higher
Melbourne 2BR Apartment/unit,0.1,full_vs_property_only,recall_difference_pp,50,50,4.06990265640275,2.98623918286282,-2.28684156589465,11.9397463002114,-12.8571428571429,14.2857142857143,39,1,10,higher
Melbourne 2BR Apartment/unit,0.1,property_only_vs_baseline,expected_target_selected_difference,50,50,2.19978680947735,1.75732438795013,-3.3014989597125,8.22444222188028,-3.98571428571426,9.0209973753281,38,0,12,higher
Melbourne 2BR Apartment/unit,0.1,property_only_vs_baseline,precision_difference_pp,50,50,5.54518461002078,4.96272248657834,-10.0184123277102,20.4689964810096,-11.0128617363345,23.1307625008413,38,0,12,higher
Melbourne 2BR Apartment/unit,0.1,property_only_vs_baseline,recall_difference_pp,50,50,2.15204127970388,1.49316638680472,-2.93725229019345,8.44480550543984,-3.14653192466699,8.89821724709784,38,0,12,higher
Melbourne 2BR Apartment/unit,0.25,full_vs_baseline,expected_target_selected_difference,50,50,15.8603054431382,14.8919893316178,-4.2171282051282,36.6598027842227,-6.31955922865016,42.0673469387757,46,0,4,higher
Melbourne 2BR Apartment/unit,0.25,full_vs_baseline,precision_difference_pp,50,50,16.3697362161584,15.7730878567451,-4.93429828605205,33.502046193105,-6.94457058093424,39.6907216494845,46,0,4,higher
Melbourne 2BR Apartment/unit,0.25,full_vs_baseline,recall_difference_pp,50,50,12.6953067528552,12.2950819672131,-4.66933573249363,25.9197929110921,-6.25698933529719,33.2089552238807,46,0,4,higher
Melbourne 2BR Apartment/unit,0.25,full_vs_property_only,expected_target_selected_difference,50,50,8.85714572922777,9.26190476190476,-10.0357142857143,28.1,-14.4615384615385,33.2857142857143,36,0,14,higher
Melbourne 2BR Apartment/unit,0.25,full_vs_property_only,precision_difference_pp,50,50,9.15703998701481,10.6729991478833,-11.5148559423769,27.4510113780025,-15.8918005071851,30.9041835357625,36,0,14,higher
Melbourne 2BR Apartment/unit,0.25,full_vs_property_only,recall_difference_pp,50,50,6.36236309434823,8.32021604938272,-13.1699346405229,19.9802631578947,-14.8979591836735,27.5088547815821,36,0,14,higher
Melbourne 2BR Apartment/unit,0.25,property_only_vs_baseline,expected_target_selected_difference,50,50,7.00315971391039,7.52024109391868,-4.52092390073108,17.9667647058824,-5.34033613445384,22.6306432748538,41,0,9,higher
Melbourne 2BR Apartment/unit,0.25,property_only_vs_baseline,precision_difference_pp,50,50,7.21269622914356,7.8543492934115,-4.69992305834095,18.1451080196955,-6.93550147331667,20.3322334736603,41,0,9,higher
Melbourne 2BR Apartment/unit,0.25,property_only_vs_baseline,recall_difference_pp,50,50,6.332943658507,6.65821172658972,-3.58778580283337,15.895936819958,-5.39427892369075,21.3041933191187,41,0,9,higher
Melbourne 2BR Apartment/unit,0.5,full_vs_baseline,expected_target_selected_difference,50,50,21.1434536126515,21.4317585301837,6.6117007672634,36.25,-2.17538461538452,44,49,0,1,higher
Melbourne 2BR Apartment/unit,0.5,full_vs_baseline,precision_difference_pp,50,50,11.1515484610297,11.5558561909485,3.2211453843418,18.6979243966475,-1.33459178857946,22.680412371134,49,0,1,higher
Melbourne 2BR Apartment/unit,0.5,full_vs_baseline,recall_difference_pp,50,50,17.7619461128173,18.1207004377736,6.13984552476147,27.6489378538155,-1.90823211875835,31.8840579710145,49,0,1,higher
Melbourne 2BR Apartment/unit,0.5,full_vs_property_only,expected_target_selected_difference,50,50,11.7581239414732,11.2604166666667,-0.449999999999997,25.3507692307692,-5.75,29.5714285714286,47,0,3,higher
Melbourne 2BR Apartment/unit,0.5,full_vs_property_only,precision_difference_pp,50,50,6.27385977034873,5.47209562021996,-0.398513251454426,13.0990429572347,-3.31288343558282,14.9350649350649,47,0,3,higher
Melbourne 2BR Apartment/unit,0.5,full_vs_property_only,recall_difference_pp,50,50,9.71601185664715,9.17661278578711,-0.796146044624749,19.1162471395881,-4.73684210526315,24.2105263157895,47,0,3,higher
Melbourne 2BR Apartment/unit,0.5,property_only_vs_baseline,expected_target_selected_difference,50,50,9.38532967117829,7.9556390977444,-3.40342000146592,27.1604360902256,-15.2280701754388,31.75,41,0,9,higher
Melbourne 2BR Apartment/unit,0.5,property_only_vs_baseline,precision_difference_pp,50,50,4.87768869068096,4.09872937770056,-1.65476477705333,14.3898440859601,-7.61403508771938,16.0353535353535,41,0,9,higher
Melbourne 2BR Apartment/unit,0.5,property_only_vs_baseline,recall_difference_pp,50,50,8.04593425617012,8.06531286076445,-2.70074479281191,21.2999162043458,-12.182456140351,28.0748663101604,41,0,9,higher
Melbourne 3BR Apartment/unit,0.1,full_vs_baseline,expected_target_selected_difference,50,50,2.56460618419891,2.16643689685424,-0.710568230736118,6.19146341463414,-1.47058823529412,7.59090909090909,43,0,7,higher
Melbourne 3BR Apartment/unit,0.1,full_vs_baseline,precision_difference_pp,50,50,25.3437454137197,23.5550887021475,-6.78288263608971,53.3679401993355,-21.0084033613446,67.0731707317073,43,0,7,higher
Melbourne 3BR Apartment/unit,0.1,full_vs_baseline,recall_difference_pp,50,50,7.14723093651539,7.68188036313891,-2.51081512243296,16.7159037628304,-6.12745098039216,23.3333333333333,43,0,7,higher
Melbourne 3BR Apartment/unit,0.1,full_vs_property_only,expected_target_selected_difference,50,50,2.475,2,-1.7,7.85,-3,9,38,6,6,higher
Melbourne 3BR Apartment/unit,0.1,full_vs_property_only,precision_difference_pp,50,50,23.7975431975432,22.4747474747475,-18.6580086580087,71.25,-30,85.1851851851852,38,6,6,higher
Melbourne 3BR Apartment/unit,0.1,full_vs_property_only,recall_difference_pp,50,50,6.14115604356667,5.97147950089127,-7.00869565217391,17.3473917869034,-15.7894736842105,28.3950617283951,38,6,6,higher
Melbourne 3BR Apartment/unit,0.1,property_only_vs_baseline,expected_target_selected_difference,50,50,0.0896061841989102,0.154347826086956,-1.81346153846154,2.01449131513648,-4.55238095238095,3.47572815533981,27,0,23,higher
Melbourne 3BR Apartment/unit,0.1,property_only_vs_baseline,precision_difference_pp,50,50,1.54620221617653,1.54347826086955,-18.8448509485095,22.8614015776922,-41.3852813852813,31.5975286849073,27,0,23,higher
Melbourne 3BR Apartment/unit,0.1,property_only_vs_baseline,recall_difference_pp,50,50,1.00607489294872,0.485347985347979,-5.4526397515528,10.1649688737974,-8.58939802336028,11.4529914529914,27,0,23,higher
Melbourne 3BR Apartment/unit,0.25,full_vs_baseline,expected_target_selected_difference,50,50,4.30953863758024,3.46304347826087,-0.861511035653648,10.6217213114754,-1.43564356435644,14.0746268656717,45,0,5,higher
Melbourne 3BR Apartment/unit,0.25,full_vs_baseline,precision_difference_pp,50,50,17.598377745442,16.2536231884058,-3.58962931522354,40.9408556763693,-5.88235294117647,46.7391304347826,45,0,5,higher
Melbourne 3BR Apartment/unit,0.25,full_vs_baseline,recall_difference_pp,50,50,11.799759990685,11.2597300977583,-3.87747902364607,25.6541639127561,-5.74257425742576,33.6495031616983,45,0,5,higher
Melbourne 3BR Apartment/unit,0.25,full_vs_property_only,expected_target_selected_difference,50,50,4.85294444444445,4.46428571428572,-1.18333333333333,14,-3.5,16,44,2,4,higher
Melbourne 3BR Apartment/unit,0.25,full_vs_property_only,precision_difference_pp,50,50,19.6503822886471,17.6147382029735,-5.36324786324786,48.8119385685309,-14.5833333333333,60.8695652173913,44,2,4,higher
Melbourne 3BR Apartment/unit,0.25,full_vs_property_only,recall_difference_pp,50,50,12.792383840672,13.2843137254902,-5.98695652173913,29.7853489221776,-18.421052631579,34.0425531914894,44,2,4,higher
Melbourne 3BR Apartment/unit,0.25,property_only_vs_baseline,expected_target_selected_difference,50,50,-0.543405806864202,-0.895131086142326,-3.86922077922077,2.99821428571428,-5.18881987577639,3.86416861826698,18,0,32,higher
Melbourne 3BR Apartment/unit,0.25,property_only_vs_baseline,precision_difference_pp,50,50,-2.05200454320503,-3.86369949459642,-15.9836956521739,11.9932037512252,-21.4285714285714,17.4603174603175,18,0,32,higher
Melbourne 3BR Apartment/unit,0.25,property_only_vs_baseline,recall_difference_pp,50,50,-0.992623849987004,-2.88447058591316,-9.27427083486288,9.32753623188406,-12.8571428571429,20.952380952381,18,0,32,higher
Melbourne 3BR Apartment/unit,0.5,full_vs_baseline,expected_target_selected_difference,50,50,3.95849323803547,3.35784358252339,-0.612546689303906,11.7090909090909,-2.14492753623188,13.5,45,1,4,higher
Melbourne 3BR Apartment/unit,0.5,full_vs_baseline,precision_difference_pp,50,50,8.20626025885936,7.80434782608696,-1.28814991751858,21.8097471755099,-6.12836438923394,29.3478260869565,45,1,4,higher
Melbourne 3BR Apartment/unit,0.5,full_vs_baseline,recall_difference_pp,50,50,10.6883116961456,10.2866904337493,-2.9581703206122,25.8776595744681,-10.7246376811594,35.1851851851852,45,1,4,higher
Melbourne 3BR Apartment/unit,0.5,full_vs_property_only,expected_target_selected_difference,50,50,3.61758308358308,3.83333333333333,-1.51666666666667,9.57230769230769,-3,13,42,1,7,higher
Melbourne 3BR Apartment/unit,0.5,full_vs_property_only,precision_difference_pp,50,50,7.67516553330392,7.52358490566038,-2.65657839428332,17.6323232323232,-8.57142857142857,28.2608695652174,42,1,7,higher
Melbourne 3BR Apartment/unit,0.5,full_vs_property_only,recall_difference_pp,50,50,10.4165377739065,11.2698412698413,-3.72222222222223,26.3357142857143,-15,28.8888888888889,42,1,7,higher
Melbourne 3BR Apartment/unit,0.5,property_only_vs_baseline,expected_target_selected_difference,50,50,0.340910154452383,-0.0698896116696179,-4.18333333333333,6.83928571428571,-6.5,8.66666666666666,23,1,26,higher
Melbourne 3BR Apartment/unit,0.5,property_only_vs_baseline,precision_difference_pp,50,50,0.531094725555442,-0.146903815406169,-8.77698905649216,12.8658605428352,-13.8297872340426,19.1056910569106,23,1,26,higher
Melbourne 3BR Apartment/unit,0.5,property_only_vs_baseline,recall_difference_pp,50,50,0.271773922239131,-0.291531518616067,-13.2385620915033,13.6785714285714,-17.8872870249017,29.0123456790123,23,1,26,higher
Yarra Ranges 3BR House/townhouse,0.1,full_vs_baseline,expected_target_selected_difference,50,50,1.23836053091544,1.27793103448276,0.0758928571428573,2.22403846153846,-0.304347826086956,2.82352941176471,48,0,2,higher
Yarra Ranges 3BR House/townhouse,0.1,full_vs_baseline,precision_difference_pp,50,50,38.1381098704297,39.5687645687646,2.52976190476191,70.7230392156863,-10.1449275362319,84,48,0,2,higher
Yarra Ranges 3BR House/townhouse,0.1,full_vs_baseline,recall_difference_pp,50,50,16.4029703774729,15.1363636363636,1.0218253968254,30.885989010989,-3.04347826086956,63,48,0,2,higher
Yarra Ranges 3BR House/townhouse,0.1,full_vs_property_only,expected_target_selected_difference,50,50,0.56,0.5,-1,2,-1,2,28,15,7,higher
Yarra Ranges 3BR House/townhouse,0.1,full_vs_property_only,precision_difference_pp,50,50,17.3333333333333,16.6666666666667,-33.3333333333333,66.6666666666667,-33.3333333333333,66.6666666666667,28,15,7,higher
Yarra Ranges 3BR House/townhouse,0.1,full_vs_property_only,recall_difference_pp,50,50,7.60397380397381,7.73809523809524,-10.6111111111111,28.5714285714286,-16.6666666666667,50,28,15,7,higher
Yarra Ranges 3BR House/townhouse,0.1,property_only_vs_baseline,expected_target_selected_difference,50,50,0.678360530915438,0.731060606060606,-0.628618421052632,1.67853170189099,-1.2,1.97058823529412,43,2,5,higher
Yarra Ranges 3BR House/townhouse,0.1,property_only_vs_baseline,precision_difference_pp,50,50,20.8047765370963,22.9578392621871,-19.8645833333333,46.25,-40,58.6206896551724,43,2,5,higher
Yarra Ranges 3BR House/townhouse,0.1,property_only_vs_baseline,recall_difference_pp,50,50,8.79899657349908,10.6837606837607,-7.66346153846154,21.0416666666667,-12,25.7142857142857,43,2,5,higher
Yarra Ranges 3BR House/townhouse,0.25,full_vs_baseline,expected_target_selected_difference,50,50,1.81902555603265,1.87333333333333,0.0899999999999997,3.2460407239819,-0.75,3.5,47,1,2,higher
Yarra Ranges 3BR House/townhouse,0.25,full_vs_baseline,precision_difference_pp,50,50,24.989697172017,25.4310344827586,1.28571428571428,44.165521978022,-12.5,51.5151515151515,47,1,2,higher
Yarra Ranges 3BR House/townhouse,0.25,full_vs_baseline,recall_difference_pp,50,50,23.250925692431,23.2051282051282,0.899999999999996,45.8774725274725,-10.7142857142857,58.3333333333333,47,1,2,higher
Yarra Ranges 3BR House/townhouse,0.25,full_vs_property_only,expected_target_selected_difference,50,50,0.433333333333333,1,-1.275,2,-3,3,29,9,12,higher
Yarra Ranges 3BR House/townhouse,0.25,full_vs_property_only,precision_difference_pp,50,50,5.63862433862434,11.1111111111111,-21.25,26.9642857142857,-42.8571428571429,37.5,29,9,12,higher
Yarra Ranges 3BR House/townhouse,0.25,full_vs_property_only,recall_difference_pp,50,50,5.54293761793762,9.30735930735931,-17.8125,28.5714285714286,-33.3333333333333,33.3333333333333,29,9,12,higher
Yarra Ranges 3BR House/townhouse,0.25,property_only_vs_baseline,expected_target_selected_difference,50,50,1.38569222269932,1.33578431372549,0.0260869565217393,2.72284482758621,-0.800000000000001,3.04545454545455,47,1,2,higher
Yarra Ranges 3BR House/townhouse,0.25,property_only_vs_baseline,precision_difference_pp,50,50,19.3510728333926,18.9583333333333,0.434782608695654,37.9114906832298,-11.4285714285714,40.2173913043478,47,1,2,higher
Yarra Ranges 3BR House/townhouse,0.25,property_only_vs_baseline,recall_difference_pp,50,50,17.7079880744934,17.8571428571429,0.260869565217394,33.6111111111111,-8.00000000000001,38.6666666666667,47,1,2,higher
Yarra Ranges 3BR House/townhouse,0.5,full_vs_baseline,expected_target_selected_difference,50,50,1.60316961195621,1.81304347826087,0,3.275,-0.5,3.76,45,4,1,higher
Yarra Ranges 3BR House/townhouse,0.5,full_vs_baseline,precision_difference_pp,50,50,11.6581124169028,12.2270114942529,0,25.034965034965,-3.84615384615384,29.1666666666667,45,4,1,higher
Yarra Ranges 3BR House/townhouse,0.5,full_vs_baseline,recall_difference_pp,50,50,20.0835523748794,19.6153846153846,0,48.9285714285714,-5.55555555555556,50,45,4,1,higher
Yarra Ranges 3BR House/townhouse,0.5,full_vs_property_only,expected_target_selected_difference,50,50,0.414666666666667,1,-2,2,-2.5,2.5,30,9,11,higher
Yarra Ranges 3BR House/townhouse,0.5,full_vs_property_only,precision_difference_pp,50,50,3.09428178031119,5.55555555555556,-14.8901098901099,16.9230769230769,-16.6666666666667,19.2307692307692,30,9,11,higher
Yarra Ranges 3BR House/townhouse,0.5,full_vs_property_only,recall_difference_pp,50,50,5.37950919450919,7.84615384615385,-22.2222222222222,28.5714285714286,-28.5714285714286,35.7142857142857,30,9,11,higher
Yarra Ranges 3BR House/townhouse,0.5,property_only_vs_baseline,expected_target_selected_difference,50,50,1.18850294528954,1.32181818181818,-0.470406732117811,2.69351851851852,-1,4.29310344827586,44,0,6,higher
Yarra Ranges 3BR House/townhouse,0.5,property_only_vs_baseline,precision_difference_pp,50,50,8.56383063659159,8.62229102167183,-3.1438464235624,21.0714285714286,-9.09090909090909,28.6206896551724,44,0,6,higher
Yarra Ranges 3BR House/townhouse,0.5,property_only_vs_baseline,recall_difference_pp,50,50,14.7040431803702,14.4761904761905,-4.36535764375875,35.7183908045977,-25,47.6190476190476,44,0,6,higher
