segment,fraction,model,metric,splits,n_finite,mean,median,p05,p95,min,max
Melbourne 2BR Apartment/unit,0.1,baseline,expected_target_selected,50,50,12.1863108706203,12.1680286648228,8.01925531914893,17.1051348765033,6.79999999999999,18.3497942386831
Melbourne 2BR Apartment/unit,0.1,baseline,precision,50,50,0.316653021593998,0.318245320982499,0.223527371170485,0.401351351351351,0.199430199430199,0.40826873385013
Melbourne 2BR Apartment/unit,0.1,baseline,quota,50,50,38.48,38.5,31,47.1,26,49
Melbourne 2BR Apartment/unit,0.1,baseline,recall,50,50,0.101342491456582,0.101302945420592,0.1,0.102532140066766,0.0999999999999998,0.102990033222591
Melbourne 2BR Apartment/unit,0.1,full,expected_target_selected,50,50,19.95,18.5,7.45,30,4,35
Melbourne 2BR Apartment/unit,0.1,full,precision,50,50,0.514438025296736,0.523809523809524,0.231153846153846,0.769230769230769,0.111111111111111,0.8
Melbourne 2BR Apartment/unit,0.1,full,quota,50,50,38.48,38.5,31,47.1,26,49
Melbourne 2BR Apartment/unit,0.1,full,recall,50,50,0.163561930817648,0.170666356011184,0.0833404074702886,0.223613223140496,0.0495049504950495,0.25
Melbourne 2BR Apartment/unit,0.1,property_only,expected_target_selected,50,50,14.3860976800977,14.2142857142857,8.19285714285714,20.775,7,23.5
Melbourne 2BR Apartment/unit,0.1,property_only,precision,50,50,0.372104867694205,0.376464395819235,0.2465625,0.48124451754386,0.225806451612903,0.525641025641026
Melbourne 2BR Apartment/unit,0.1,property_only,quota,50,50,38.48,38.5,31,47.1,26,49
Melbourne 2BR Apartment/unit,0.1,property_only,recall,50,50,0.122862904253621,0.1161813417709,0.0723276723276723,0.186696428571429,0.0701754385964912,0.190972222222222
Melbourne 2BR Apartment/unit,0.25,baseline,expected_target_selected,50,50,30.1796945568618,30.125,20.007972972973,42.4707001163843,17,45.687242798354
Melbourne 2BR Apartment/unit,0.25,baseline,precision,50,50,0.316653021593998,0.318245320982499,0.223527371170485,0.401351351351351,0.1994301994302,0.408268733850129
Melbourne 2BR Apartment/unit,0.25,baseline,quota,50,50,95.28,95.5,76.45,116.75,65,123
Melbourne 2BR Apartment/unit,0.25,baseline,recall,50,50,0.250885337162796,0.250704225352113,0.25,0.25217364178583,0.25,0.252491694352159
Melbourne 2BR Apartment/unit,0.25,full,expected_target_selected,50,50,46.04,46,18.45,71.2,14,87
Melbourne 2BR Apartment/unit,0.25,full,precision,50,50,0.480350383755581,0.505058763413388,0.216448068060971,0.693191056910569,0.159090909090909,0.752577319587629
Melbourne 2BR Apartment/unit,0.25,full,quota,50,50,95.28,95.5,76.45,116.75,65,123
Melbourne 2BR Apartment/unit,0.25,full,recall,50,50,0.377838404691348,0.372950819672131,0.204736842105263,0.50965711278439,0.188118811881188,0.583333333333333
Melbourne 2BR Apartment/unit,0.25,property_only,expected_target_selected,50,50,37.1828542707722,35.3333333333333,25.1357142857143,52.5178571428571,19.5714285714286,66.2222222222222
Melbourne 2BR Apartment/unit,0.25,property_only,precision,50,50,0.388779983885433,0.390138470777839,0.280709783913565,0.479364505562605,0.25417439703154,0.556489262371615
Melbourne 2BR Apartment/unit,0.25,property_only,quota,50,50,95.28,95.5,76.45,116.75,65,123
Melbourne 2BR Apartment/unit,0.25,property_only,recall,50,50,0.314214773747866,0.317092321347529,0.215591249143881,0.410987854251012,0.197691197691198,0.464285714285714
Melbourne 2BR Apartment/unit,0.5,baseline,expected_target_selected,50,50,60.2365463873485,60.25,39.9,84.9414002327686,34,91
Melbourne 2BR Apartment/unit,0.5,baseline,precision,50,50,0.316653021593998,0.318245320982499,0.223527371170485,0.401351351351351,0.1994301994302,0.408268733850129
Melbourne 2BR Apartment/unit,0.5,baseline,quota,50,50,190.16,190.5,151.9,233.5,130,245
Melbourne 2BR Apartment/unit,0.5,baseline,recall,50,50,0.500694452131384,0.501101028433152,0.5,0.501521829521829,0.5,0.501661129568106
Melbourne 2BR Apartment/unit,0.5,full,expected_target_selected,50,50,81.38,77.5,52.45,115.1,45,128
Melbourne 2BR Apartment/unit,0.5,full,precision,50,50,0.428168506204295,0.424532698817642,0.291610120759057,0.567053492484527,0.255681818181818,0.582474226804124
Melbourne 2BR Apartment/unit,0.5,full,quota,50,50,190.16,190.5,151.9,233.5,130,245
Melbourne 2BR Apartment/unit,0.5,full,recall,50,50,0.678313913259557,0.681207004377736,0.562032258064516,0.77797462406015,0.482456140350877,0.818840579710145
Melbourne 2BR Apartment/unit,0.5,property_only,expected_target_selected,50,50,69.6218760585268,65.4380952380953,47.9619565217391,105.372660098522,42.3,113.666666666667
Melbourne 2BR Apartment/unit,0.5,property_only,precision,50,50,0.365429908500807,0.368551291709299,0.249845782438785,0.489105951659014,0.237142857142857,0.553019145802651
Melbourne 2BR Apartment/unit,0.5,property_only,quota,50,50,190.16,190.5,151.9,233.5,130,245
Melbourne 2BR Apartment/unit,0.5,property_only,recall,50,50,0.581153794693085,0.581345649383267,0.473548998178506,0.712999162043458,0.379428571428571,0.780748663101604
Melbourne 3BR Apartment/unit,0.1,baseline,expected_target_selected,50,50,3.59539381580109,3.41910112359551,2.03529686769518,5.59770186335404,1.5,7.24590163934425
Melbourne 3BR Apartment/unit,0.1,baseline,precision,50,50,0.359178041478298,0.344490781387182,0.242913992297818,0.513565891472869,0.204301075268817,0.557377049180327
Melbourne 3BR Apartment/unit,0.1,baseline,quota,50,50,9.92,10,7,13.55,7,14
Melbourne 3BR Apartment/unit,0.1,baseline,recall,50,50,0.105176711279525,0.105769230769231,0.1,0.109756097560976,0.1,0.112676056338028
Melbourne 3BR Apartment/unit,0.1,full,expected_target_selected,50,50,6.16,5,2,12,1,13
Melbourne 3BR Apartment/unit,0.1,full,precision,50,50,0.612615495615496,0.591666666666667,0.19,1,0.1,1
Melbourne 3BR Apartment/unit,0.1,full,quota,50,50,9.92,10,7,13.55,7,14
Melbourne 3BR Apartment/unit,0.1,full,recall,50,50,0.176649020644679,0.181818181818182,0.0831304347826087,0.271895424836601,0.0416666666666667,0.333333333333333
Melbourne 3BR Apartment/unit,0.1,property_only,expected_target_selected,50,50,3.685,3.33333333333333,1.8625,6.4125,1,8
Melbourne 3BR Apartment/unit,0.1,property_only,precision,50,50,0.374640063640064,0.367003367003367,0.1875,0.5925,0.0909090909090909,0.636363636363636
Melbourne 3BR Apartment/unit,0.1,property_only,quota,50,50,9.92,10,7,13.55,7,14
Melbourne 3BR Apartment/unit,0.1,property_only,recall,50,50,0.115237460209013,0.109126984126984,0.0528747795414462,0.20578947368421,0.0188679245283019,0.222222222222222
Melbourne 3BR Apartment/unit,0.25,baseline,expected_target_selected,50,50,8.68046136241976,8.5,5.00165224232887,13.6235403726708,3.85714285714286,17.2786885245902
Melbourne 3BR Apartment/unit,0.25,baseline,precision,50,50,0.359178041478298,0.344490781387182,0.242913992297818,0.513565891472869,0.204301075268817,0.557377049180328
Melbourne 3BR Apartment/unit,0.25,baseline,quota,50,50,23.94,23.5,17,32.1,17,34
Melbourne 3BR Apartment/unit,0.25,baseline,recall,50,50,0.253966107493004,0.25391485196966,0.25,0.258645076007931,0.25,0.261538461538462
Melbourne 3BR Apartment/unit,0.25,full,expected_target_selected,50,50,12.99,11,5,23,4,28
Melbourne 3BR Apartment/unit,0.25,full,precision,50,50,0.535161818932719,0.5,0.235737179487179,0.863636363636364,0.166666666666667,0.956521739130435
Melbourne 3BR Apartment/unit,0.25,full,quota,50,50,23.94,23.5,17,32.1,17,34
Melbourne 3BR Apartment/unit,0.25,full,recall,50,50,0.371963707399854,0.364357864357864,0.213615560640732,0.516176470588235,0.2,0.592592592592593
Melbourne 3BR Apartment/unit,0.25,property_only,expected_target_selected,50,50,8.13705555555556,7.5,4.26607142857143,15.21875,4,21.1428571428571
Melbourne 3BR Apartment/unit,0.25,property_only,precision,50,50,0.338657996046248,0.313657407407407,0.2,0.578246753246753,0.2,0.682027649769585
Melbourne 3BR Apartment/unit,0.25,property_only,quota,50,50,23.94,23.5,17,32.1,17,34
Melbourne 3BR Apartment/unit,0.25,property_only,recall,50,50,0.244039868993134,0.226455733808675,0.160846560846561,0.3485,0.121428571428571,0.466666666666667
Melbourne 3BR Apartment/unit,0.5,baseline,expected_target_selected,50,50,17.1815067619645,16.8426966292135,9.78118279569893,27.0177018633541,7.5,34
Melbourne 3BR Apartment/unit,0.5,baseline,precision,50,50,0.359178041478298,0.344490781387182,0.242913992297818,0.513565891472868,0.204301075268817,0.557377049180328
Melbourne 3BR Apartment/unit,0.5,baseline,quota,50,50,47.36,46.5,34,63.75,33,67
Melbourne 3BR Apartment/unit,0.5,baseline,recall,50,50,0.50225195862213,0.5,0.5,0.506721340702442,0.5,0.507692307692308
Melbourne 3BR Apartment/unit,0.5,full,expected_target_selected,50,50,21.14,20,9,36,8,41
Melbourne 3BR Apartment/unit,0.5,full,precision,50,50,0.441240644066892,0.419302325581395,0.228839285714286,0.666841942468296,0.191489361702128,0.782608695652174
Melbourne 3BR Apartment/unit,0.5,full,quota,50,50,47.36,46.5,34,63.75,33,67
Melbourne 3BR Apartment/unit,0.5,full,recall,50,50,0.609135075583586,0.606203007518797,0.475743707093822,0.758776595744681,0.4,0.851851851851852
Melbourne 3BR Apartment/unit,0.5,property_only,expected_target_selected,50,50,17.5224169164169,15.2,9.46071428571429,30.5625,8,42.6666666666667
Melbourne 3BR Apartment/unit,0.5,property_only,precision,50,50,0.364488988733853,0.318653846153846,0.211959183673469,0.625821428571429,0.192156862745098,0.699453551912568
Melbourne 3BR Apartment/unit,0.5,property_only,quota,50,50,47.36,46.5,34,63.75,33,67
Melbourne 3BR Apartment/unit,0.5,property_only,recall,50,50,0.504969697844521,0.5,0.367614379084967,0.636785714285714,0.325714285714286,0.790123456790123
Yarra Ranges 3BR House/townhouse,0.1,baseline,expected_target_selected,50,50,0.981639469084562,0.959415584415584,0.62796052631579,1.46514285714286,0.48,1.625
Yarra Ranges 3BR House/townhouse,0.1,baseline,precision,50,50,0.303618901295704,0.29520697167756,0.176041666666667,0.437652173913043,0.16,0.48
Yarra Ranges 3BR House/townhouse,0.1,baseline,quota,50,50,3.24,3,3,4,2,4
Yarra Ranges 3BR House/townhouse,0.1,baseline,recall,50,50,0.118901587156562,0.12,0.1,0.136363636363636,0.1,0.142857142857143
Yarra Ranges 3BR House/townhouse,0.1,full,expected_target_selected,50,50,2.22,2,1,3,1,4
Yarra Ranges 3BR House/townhouse,0.1,full,precision,50,50,0.685,0.666666666666667,0.333333333333333,1,0.333333333333333,1
Yarra Ranges 3BR House/townhouse,0.1,full,quota,50,50,3.24,3,3,4,2,4
Yarra Ranges 3BR House/townhouse,0.1,full,recall,50,50,0.282931290931291,0.261363636363636,0.133035714285714,0.428571428571429,0.1,0.75
Yarra Ranges 3BR House/townhouse,0.1,property_only,expected_target_selected,50,50,1.66,2,0.45,3,0,3.5
Yarra Ranges 3BR House/townhouse,0.1,property_only,precision,50,50,0.511666666666667,0.527777777777778,0.1125,0.795833333333333,0,1
Yarra Ranges 3BR House/townhouse,0.1,property_only,quota,50,50,3.24,3,3,4,2,4
Yarra Ranges 3BR House/townhouse,0.1,property_only,recall,50,50,0.206891552891553,0.222222222222222,0.0346153846153846,0.333333333333333,0,0.4
Yarra Ranges 3BR House/townhouse,0.25,baseline,expected_target_selected,50,50,2.18097444396735,2.0805152979066,1.26814516129032,3.35228571428572,1,3.73333333333333
Yarra Ranges 3BR House/townhouse,0.25,baseline,precision,50,50,0.303618901295704,0.29520697167756,0.176041666666667,0.437652173913043,0.16,0.48
Yarra Ranges 3BR House/townhouse,0.25,baseline,quota,50,50,7.18,7,6,9,5,9
Yarra Ranges 3BR House/townhouse,0.25,baseline,recall,50,50,0.262617671702619,0.260869565217391,0.25,0.28,0.25,0.285714285714286
Yarra Ranges 3BR House/townhouse,0.25,full,expected_target_selected,50,50,4,4,2,6,1,6
Yarra Ranges 3BR House/townhouse,0.25,full,precision,50,50,0.553515873015873,0.555555555555556,0.325892857142857,0.795833333333333,0.166666666666667,0.857142857142857
Yarra Ranges 3BR House/townhouse,0.25,full,quota,50,50,7.18,7,6,9,5,9
Yarra Ranges 3BR House/townhouse,0.25,full,recall,50,50,0.495126928626929,0.5,0.2725,0.733928571428571,0.142857142857143,0.833333333333333
Yarra Ranges 3BR House/townhouse,0.25,property_only,expected_target_selected,50,50,3.56666666666667,3,2,5.275,1,6
Yarra Ranges 3BR House/townhouse,0.25,property_only,precision,50,50,0.49712962962963,0.5,0.266071428571429,0.714285714285714,0.166666666666667,0.75
Yarra Ranges 3BR House/townhouse,0.25,property_only,quota,50,50,7.18,7,6,9,5,9
Yarra Ranges 3BR House/townhouse,0.25,property_only,recall,50,50,0.439697552447552,0.436507936507937,0.2575,0.6,0.2,0.666666666666667
Yarra Ranges 3BR House/townhouse,0.5,baseline,expected_target_selected,50,50,4.21683038804379,4.07407407407407,2.53629032258065,6.5,2,7
Yarra Ranges 3BR House/townhouse,0.5,baseline,precision,50,50,0.303618901295704,0.29520697167756,0.176041666666667,0.437652173913043,0.16,0.48
Yarra Ranges 3BR House/townhouse,0.5,baseline,quota,50,50,13.9,14,11,17,10,18
Yarra Ranges 3BR House/townhouse,0.5,baseline,recall,50,50,0.508062023148753,0.5,0.5,0.521739130434783,0.5,0.526315789473684
Yarra Ranges 3BR House/townhouse,0.5,full,expected_target_selected,50,50,5.82,6,3,8.55,2,10
Yarra Ranges 3BR House/townhouse,0.5,full,precision,50,50,0.420200025464731,0.428571428571429,0.230769230769231,0.591586538461538,0.166666666666667,0.769230769230769
Yarra Ranges 3BR House/townhouse,0.5,full,quota,50,50,13.9,14,11,17,10,18
Yarra Ranges 3BR House/townhouse,0.5,full,recall,50,50,0.708897546897547,0.7,0.5,1,0.444444444444444,1
Yarra Ranges 3BR House/townhouse,0.5,property_only,expected_target_selected,50,50,5.40533333333333,5,3,8,1,10.5
Yarra Ranges 3BR House/townhouse,0.5,property_only,precision,50,50,0.389257207661619,0.386752136752137,0.199553571428571,0.576428571428571,0.0833333333333333,0.7
Yarra Ranges 3BR House/townhouse,0.5,property_only,quota,50,50,13.9,14,11,17,10,18
Yarra Ranges 3BR House/townhouse,0.5,property_only,recall,50,50,0.655102454952455,0.658333333333333,0.475,0.875,0.25,1
