split,term,coefficient
1,(Intercept),-1.36197789616287
1,areaYarra,-0.424492237223472
1,areaYarra Ranges,-0.112045947471023
1,areaPort Phillip,-0.990728465822853
1,areaStonnington,-1.00943597394249
1,areaMerri-bek,-0.425080032286258
1,dwellingHouse/townhouse,-0.375859749856853
1,bedrooms2,0.34582171800502
1,bedrooms3,0.46868189016955
1,amenities_10,0.083295518422602
2,(Intercept),-1.6749998151213
2,areaYarra,-0.516254681572121
2,areaYarra Ranges,-0.328671298552504
2,areaPort Phillip,-0.875709205245166
2,areaStonnington,-1.04520161665427
2,areaMerri-bek,-0.872626320989339
2,dwellingHouse/townhouse,-0.325421405712906
2,bedrooms2,0.323461479840618
2,bedrooms3,0.46081856049559
2,amenities_10,0.145319785678266
3,(Intercept),-1.84862278631599
3,areaYarra,-0.440094182096572
3,areaYarra Ranges,-0.454125333858797
3,areaPort Phillip,-0.659783665160094
3,areaStonnington,-1.04541471105118
3,areaMerri-bek,-0.577602197718049
3,dwellingHouse/townhouse,-0.215302811618757
3,bedrooms2,0.302896285727227
3,bedrooms3,0.276585739168619
3,amenities_10,0.214685203343317
4,(Intercept),-1.41978921714984
4,areaYarra,-0.284160819536406
4,areaYarra Ranges,-0.145358974691677
4,areaPort Phillip,-1.06007440134075
4,areaStonnington,-1.20679766799388
4,areaMerri-bek,-0.706145875375842
4,dwellingHouse/townhouse,0.218082169572493
4,bedrooms2,0.0896269483336024
4,bedrooms3,-0.0458739221460727
4,amenities_10,0.0925582820056637
5,(Intercept),-1.8547937359074
5,areaYarra,-0.516316072705242
5,areaYarra Ranges,0.137001313068894
5,areaPort Phillip,-0.907634418988515
5,areaStonnington,-1.19721395446323
5,areaMerri-bek,-0.332665680328825
5,dwellingHouse/townhouse,-0.411246896136722
5,bedrooms2,0.203770961124754
5,bedrooms3,0.130541408291368
5,amenities_10,0.215472191619708
6,(Intercept),-2.03389163945336
6,areaYarra,-0.217482957260686
6,areaYarra Ranges,-0.0559354586536419
6,areaPort Phillip,-0.703091683619506
6,areaStonnington,-0.796513204316126
6,areaMerri-bek,-0.185397306752061
6,dwellingHouse/townhouse,-0.426726820271191
6,bedrooms2,0.300242724131543
6,bedrooms3,0.608754632011076
6,amenities_10,0.196780745996247
7,(Intercept),-1.90493755467379
7,areaYarra,-0.391086100877348
7,areaYarra Ranges,-0.352695783845329
7,areaPort Phillip,-1.05635523439277
7,areaStonnington,-1.63913485636964
7,areaMerri-bek,-0.421963359731801
7,dwellingHouse/townhouse,-0.144111692250554
7,bedrooms2,0.230858468946114
7,bedrooms3,0.378648480594834
7,amenities_10,0.206352958953261
8,(Intercept),-1.78105508727534
8,areaYarra,-0.370795316730116
8,areaYarra Ranges,0.0508776018592228
8,areaPort Phillip,-0.746950664012314
8,areaStonnington,-0.877163831067323
8,areaMerri-bek,-0.871373150592435
8,dwellingHouse/townhouse,-0.146100075819608
8,bedrooms2,0.208317406509132
8,bedrooms3,0.362972426822728
8,amenities_10,0.168705469944579
9,(Intercept),-1.62208701707825
9,areaYarra,-0.507418742918982
9,areaYarra Ranges,-0.15179033346245
9,areaPort Phillip,-1.05019433798296
9,areaStonnington,-0.963710465391989
9,areaMerri-bek,-0.546350052331307
9,dwellingHouse/townhouse,-0.254231420358261
9,bedrooms2,0.267841814738271
9,bedrooms3,0.510424722335327
9,amenities_10,0.157721763946042
10,(Intercept),-1.76091455305878
10,areaYarra,-0.521583392907242
10,areaYarra Ranges,-0.132128229600294
10,areaPort Phillip,-0.813703499559852
10,areaStonnington,-0.90631085742795
10,areaMerri-bek,-0.548567426179604
10,dwellingHouse/townhouse,-0.29921673338039
10,bedrooms2,0.139926671006493
10,bedrooms3,0.240674766402134
10,amenities_10,0.184212524250361
11,(Intercept),-1.82251121942545
11,areaYarra,-0.557907527651877
11,areaYarra Ranges,-0.624415081482847
11,areaPort Phillip,-0.950661317992629
11,areaStonnington,-0.8618865723215
11,areaMerri-bek,-0.748901165724372
11,dwellingHouse/townhouse,-0.0839444480989051
11,bedrooms2,0.408862999060579
11,bedrooms3,0.620571921528305
11,amenities_10,0.177691108255181
12,(Intercept),-2.07068010652444
12,areaYarra,-0.465739563221303
12,areaYarra Ranges,-0.089688593563876
12,areaPort Phillip,-1.16931480700089
12,areaStonnington,-1.06205511179077
12,areaMerri-bek,-0.48013283847433
12,dwellingHouse/townhouse,-0.0673490730905192
12,bedrooms2,0.145598673776845
12,bedrooms3,0.231836230247498
12,amenities_10,0.23122329358637
13,(Intercept),-1.64245520182955
13,areaYarra,-0.630955389758947
13,areaYarra Ranges,-0.299691719181888
13,areaPort Phillip,-0.903387266982678
13,areaStonnington,-1.04026167014898
13,areaMerri-bek,-0.186332818608422
13,dwellingHouse/townhouse,-0.42866598086019
13,bedrooms2,0.405832498309744
13,bedrooms3,0.625872820425753
13,amenities_10,0.155726788060269
14,(Intercept),-1.46973570332892
14,areaYarra,-0.61935329560082
14,areaYarra Ranges,-0.381302757545853
14,areaPort Phillip,-1.0506149080784
14,areaStonnington,-1.26235390145785
14,areaMerri-bek,-0.579429738921855
14,dwellingHouse/townhouse,-0.339580472835177
14,bedrooms2,0.341260049494845
14,bedrooms3,0.582750894787766
14,amenities_10,0.136619112444348
15,(Intercept),-1.55934014424383
15,areaYarra,-0.685586836011686
15,areaYarra Ranges,-0.172927294248019
15,areaPort Phillip,-0.912342789363378
15,areaStonnington,-0.915490637461923
15,areaMerri-bek,-1.17781123249248
15,dwellingHouse/townhouse,-0.181113204495454
15,bedrooms2,0.231703196472155
15,bedrooms3,0.204167705760638
15,amenities_10,0.155605758501929
16,(Intercept),-1.87599658001391
16,areaYarra,-0.543536048989593
16,areaYarra Ranges,-0.380888534772944
16,areaPort Phillip,-1.02346203210939
16,areaStonnington,-1.1583859850497
16,areaMerri-bek,-0.775425284293653
16,dwellingHouse/townhouse,-0.270482391800618
16,bedrooms2,0.372494385380305
16,bedrooms3,0.51009436089489
16,amenities_10,0.221499528629921
17,(Intercept),-1.85363762722765
17,areaYarra,-0.59561797688242
17,areaYarra Ranges,-0.769491525938283
17,areaPort Phillip,-1.19033398638706
17,areaStonnington,-1.31010699744983
17,areaMerri-bek,-0.743362081655297
17,dwellingHouse/townhouse,0.0620262666894337
17,bedrooms2,0.203521629928564
17,bedrooms3,0.437571219044694
17,amenities_10,0.186313380913653
18,(Intercept),-1.83082674435925
18,areaYarra,-0.5234904412581
18,areaYarra Ranges,-0.353469720964591
18,areaPort Phillip,-0.833993032014577
18,areaStonnington,-0.97588546830581
18,areaMerri-bek,-0.886299726266673
18,dwellingHouse/townhouse,-0.112218393405098
18,bedrooms2,0.195255002310196
18,bedrooms3,0.213417735683971
18,amenities_10,0.185932078380786
19,(Intercept),-1.36520365232461
19,areaYarra,-0.820973754389869
19,areaYarra Ranges,-0.605199981257457
19,areaPort Phillip,-1.08012272478823
19,areaStonnington,-1.23524703209522
19,areaMerri-bek,-0.555062617755815
19,dwellingHouse/townhouse,0.0517160784158598
19,bedrooms2,0.224410015968984
19,bedrooms3,0.265161841627811
19,amenities_10,0.137872947368425
20,(Intercept),-2.06333371014434
20,areaYarra,-0.672240504492768
20,areaYarra Ranges,-0.100491893840877
20,areaPort Phillip,-1.18551096010007
20,areaStonnington,-1.1202954207971
20,areaMerri-bek,-0.585683501706037
20,dwellingHouse/townhouse,0.044649848757663
20,bedrooms2,0.209939244747385
20,bedrooms3,-0.0984359743185156
20,amenities_10,0.257246596996924
21,(Intercept),-1.75749775629249
21,areaYarra,-0.397135454299996
21,areaYarra Ranges,-0.365332981186179
21,areaPort Phillip,-0.906325797369924
21,areaStonnington,-1.09012918500184
21,areaMerri-bek,-0.681207414344912
21,dwellingHouse/townhouse,-0.424461670359433
21,bedrooms2,0.251113621148155
21,bedrooms3,0.496083887435633
21,amenities_10,0.166215027630099
22,(Intercept),-1.56816616348617
22,areaYarra,-0.482982962215904
22,areaYarra Ranges,-0.0851721507160047
22,areaPort Phillip,-1.31265842081534
22,areaStonnington,-1.07426277076451
22,areaMerri-bek,-0.483705169226007
22,dwellingHouse/townhouse,-0.311537525360317
22,bedrooms2,0.109687903755439
22,bedrooms3,0.406201877592125
22,amenities_10,0.156466468982437
23,(Intercept),-2.05997695937076
23,areaYarra,-0.564135023123435
23,areaYarra Ranges,-0.228245938859345
23,areaPort Phillip,-1.44755617783698
23,areaStonnington,-1.08982235330526
23,areaMerri-bek,-1.14808124187768
23,dwellingHouse/townhouse,-0.226948827180567
23,bedrooms2,0.158546024884328
23,bedrooms3,0.281340260925618
23,amenities_10,0.251215553868661
24,(Intercept),-1.69350710188064
24,areaYarra,-0.547719792655589
24,areaYarra Ranges,-0.654176051519662
24,areaPort Phillip,-1.25055264230427
24,areaStonnington,-1.08621786610264
24,areaMerri-bek,-0.714976552958941
24,dwellingHouse/townhouse,0.0255192541476733
24,bedrooms2,-0.000421635818445262
24,bedrooms3,0.0920074387012478
24,amenities_10,0.173405849433778
25,(Intercept),-1.91421260947236
25,areaYarra,-0.451265496982679
25,areaYarra Ranges,-0.536681832702535
25,areaPort Phillip,-1.24085242316176
25,areaStonnington,-1.02458562422075
25,areaMerri-bek,-0.619749412551404
25,dwellingHouse/townhouse,-0.0842087476838504
25,bedrooms2,0.193027595463238
25,bedrooms3,0.32601121664029
25,amenities_10,0.221290230803117
26,(Intercept),-1.87085281447
26,areaYarra,-0.349214968147607
26,areaYarra Ranges,-0.421925011646696
26,areaPort Phillip,-1.30249647790862
26,areaStonnington,-0.902841719214906
26,areaMerri-bek,-0.349772878850778
26,dwellingHouse/townhouse,-0.0693128087781432
26,bedrooms2,0.277848868375758
26,bedrooms3,0.539742190874304
26,amenities_10,0.182278604151109
27,(Intercept),-1.62192820019175
27,areaYarra,-0.812770049412727
27,areaYarra Ranges,-0.584982471444779
27,areaPort Phillip,-1.0330699872072
27,areaStonnington,-1.02879253822033
27,areaMerri-bek,-0.832197143575404
27,dwellingHouse/townhouse,-0.0518497347084742
27,bedrooms2,0.324432567570625
27,bedrooms3,0.399595899298011
27,amenities_10,0.168462595373625
28,(Intercept),-1.46463039117148
28,areaYarra,-0.567773680418187
28,areaYarra Ranges,-0.375819970343281
28,areaPort Phillip,-1.094787374573
28,areaStonnington,-1.10699481368055
28,areaMerri-bek,-0.408954169285453
28,dwellingHouse/townhouse,-0.0130154390761299
28,bedrooms2,0.208579019759624
28,bedrooms3,0.0710936557461998
28,amenities_10,0.124109144277647
29,(Intercept),-1.48169175634921
29,areaYarra,-0.58799907558325
29,areaYarra Ranges,-0.187654345240547
29,areaPort Phillip,-1.01605129124668
29,areaStonnington,-1.26334722473525
29,areaMerri-bek,-0.398632310607286
29,dwellingHouse/townhouse,-0.433716299313445
29,bedrooms2,0.339131657865155
29,bedrooms3,0.514443209958552
29,amenities_10,0.138228279247216
30,(Intercept),-1.90720288230572
30,areaYarra,-0.383057309574997
30,areaYarra Ranges,-0.104634458601272
30,areaPort Phillip,-0.733952952773156
30,areaStonnington,-0.940075634075705
30,areaMerri-bek,-0.545590584184515
30,dwellingHouse/townhouse,-0.238404519341809
30,bedrooms2,0.257020208576289
30,bedrooms3,0.509249903482314
30,amenities_10,0.191166158906906
31,(Intercept),-1.52692644834943
31,areaYarra,-0.24820165266861
31,areaYarra Ranges,-0.224121071293143
31,areaPort Phillip,-1.08657088177666
31,areaStonnington,-0.97193492669837
31,areaMerri-bek,-0.518725328089418
31,dwellingHouse/townhouse,-0.331700134358706
31,bedrooms2,0.0725747760804284
31,bedrooms3,0.461134904737255
31,amenities_10,0.122006245750345
32,(Intercept),-1.66915040703961
32,areaYarra,-0.407957753820547
32,areaYarra Ranges,-0.016231621091105
32,areaPort Phillip,-0.833429407807698
32,areaStonnington,-0.836756648337511
32,areaMerri-bek,-0.404785143534335
32,dwellingHouse/townhouse,-0.187029005413573
32,bedrooms2,0.275353572580174
32,bedrooms3,0.248850943081075
32,amenities_10,0.137105242704593
33,(Intercept),-1.83045881830207
33,areaYarra,-0.620745298245628
33,areaYarra Ranges,-0.490545473677204
33,areaPort Phillip,-0.862520860924195
33,areaStonnington,-1.06542814609661
33,areaMerri-bek,-0.98537080764108
33,dwellingHouse/townhouse,-0.22584970347986
33,bedrooms2,0.296894161556663
33,bedrooms3,0.414739347203336
33,amenities_10,0.199648154051458
34,(Intercept),-1.73538453015374
34,areaYarra,-0.255999293583609
34,areaYarra Ranges,-0.154565691237277
34,areaPort Phillip,-0.876196178254892
34,areaStonnington,-0.92896163023288
34,areaMerri-bek,-0.335256538511027
34,dwellingHouse/townhouse,-0.122295551724609
34,bedrooms2,0.16954969795195
34,bedrooms3,0.562167154258449
34,amenities_10,0.149640271596445
35,(Intercept),-1.89107213206936
35,areaYarra,-0.580407042724597
35,areaYarra Ranges,-0.0732171473162654
35,areaPort Phillip,-1.33397911949855
35,areaStonnington,-1.13185777873124
35,areaMerri-bek,-0.742954268218279
35,dwellingHouse/townhouse,0.0523737201705637
35,bedrooms2,-0.0196911490924069
35,bedrooms3,-0.107704403362459
35,amenities_10,0.234507174848428
36,(Intercept),-1.68341335116286
36,areaYarra,-0.387290349585861
36,areaYarra Ranges,-0.0179278184284819
36,areaPort Phillip,-1.00137252057657
36,areaStonnington,-1.09995502476075
36,areaMerri-bek,-0.2859882361715
36,dwellingHouse/townhouse,-0.424964778430748
36,bedrooms2,0.230468176963544
36,bedrooms3,0.494261409685752
36,amenities_10,0.168002707625967
37,(Intercept),-1.92349026058639
37,areaYarra,-0.414041295684221
37,areaYarra Ranges,-0.333614449283321
37,areaPort Phillip,-0.788325572730946
37,areaStonnington,-1.03146843231205
37,areaMerri-bek,-0.486238972122172
37,dwellingHouse/townhouse,-0.408547574911928
37,bedrooms2,0.336375792289854
37,bedrooms3,0.707429382006158
37,amenities_10,0.185207371347623
38,(Intercept),-1.52916292615892
38,areaYarra,-0.399081925266689
38,areaYarra Ranges,-0.117608036684529
38,areaPort Phillip,-0.879058098142991
38,areaStonnington,-1.24645220296954
38,areaMerri-bek,-0.494358044513469
38,dwellingHouse/townhouse,-0.53726989834639
38,bedrooms2,0.286926068832364
38,bedrooms3,0.566374269598357
38,amenities_10,0.139242560761444
39,(Intercept),-1.43638584228362
39,areaYarra,-0.539495079286975
39,areaYarra Ranges,0.195561711937005
39,areaPort Phillip,-0.793425020791125
39,areaStonnington,-1.0360164515685
39,areaMerri-bek,-1.29208052241772
39,dwellingHouse/townhouse,-0.46708159690344
39,bedrooms2,0.225213056659816
39,bedrooms3,0.371131504004722
39,amenities_10,0.102612314442191
40,(Intercept),-1.72105478536757
40,areaYarra,-0.438426333962155
40,areaYarra Ranges,-0.176309145044611
40,areaPort Phillip,-0.86695523045201
40,areaStonnington,-0.846294566445148
40,areaMerri-bek,-0.988750470434942
40,dwellingHouse/townhouse,-0.0728218830921133
40,bedrooms2,0.324824489794624
40,bedrooms3,0.258504726178393
40,amenities_10,0.150179079624725
41,(Intercept),-1.4201482772665
41,areaYarra,-0.724575961625218
41,areaYarra Ranges,-0.601023735362253
41,areaPort Phillip,-1.00009899759942
41,areaStonnington,-1.0822863630776
41,areaMerri-bek,-0.959347706143435
41,dwellingHouse/townhouse,-0.0969774415966988
41,bedrooms2,0.245005472159854
41,bedrooms3,0.434836658636833
41,amenities_10,0.120290997177038
42,(Intercept),-1.55088363577124
42,areaYarra,-0.678537127726221
42,areaYarra Ranges,-0.599057277837493
42,areaPort Phillip,-1.00103116874915
42,areaStonnington,-1.1991678996326
42,areaMerri-bek,-0.313578276469537
42,dwellingHouse/townhouse,0.0221182003250087
42,bedrooms2,0.337905766983054
42,bedrooms3,0.373180655895582
42,amenities_10,0.15322449614166
43,(Intercept),-1.75393353119099
43,areaYarra,-0.590774528714969
43,areaYarra Ranges,-0.749093580320509
43,areaPort Phillip,-1.25900313813412
43,areaStonnington,-1.30943346244183
43,areaMerri-bek,-0.368027113201636
43,dwellingHouse/townhouse,0.208413168811896
43,bedrooms2,0.0944982708992503
43,bedrooms3,0.131926313250475
43,amenities_10,0.211415223881684
44,(Intercept),-1.43551073249356
44,areaYarra,-0.592745775159192
44,areaYarra Ranges,-0.578558456999641
44,areaPort Phillip,-1.03086876776552
44,areaStonnington,-1.36445424259924
44,areaMerri-bek,-0.496712651559647
44,dwellingHouse/townhouse,-0.101026836154346
44,bedrooms2,0.229701874325501
44,bedrooms3,0.40093130545978
44,amenities_10,0.137858337987306
45,(Intercept),-1.91408413254304
45,areaYarra,-0.499460671007273
45,areaYarra Ranges,-0.621061343765388
45,areaPort Phillip,-1.18967928175177
45,areaStonnington,-1.20438970770556
45,areaMerri-bek,-0.696266872658311
45,dwellingHouse/townhouse,-0.0591703877445406
45,bedrooms2,0.170968667122536
45,bedrooms3,0.469524277627712
45,amenities_10,0.231078592100459
46,(Intercept),-1.77098857565486
46,areaYarra,-0.32413398122261
46,areaYarra Ranges,-0.510942440632287
46,areaPort Phillip,-1.29519536656933
46,areaStonnington,-1.23050451573674
46,areaMerri-bek,-0.540484238729192
46,dwellingHouse/townhouse,0.11514589671246
46,bedrooms2,0.117103462518671
46,bedrooms3,0.354242992699806
46,amenities_10,0.185680527402891
47,(Intercept),-1.71963894436309
47,areaYarra,-0.677786146857898
47,areaYarra Ranges,-0.509871278596698
47,areaPort Phillip,-0.907504169982407
47,areaStonnington,-1.2156211553026
47,areaMerri-bek,-1.31732056034574
47,dwellingHouse/townhouse,-0.196782338682881
47,bedrooms2,0.320466024458572
47,bedrooms3,0.329485701687947
47,amenities_10,0.19090612006909
48,(Intercept),-1.81772770468176
48,areaYarra,-0.276989533836418
48,areaYarra Ranges,-0.211055984883777
48,areaPort Phillip,-0.789954126750727
48,areaStonnington,-0.954565228429913
48,areaMerri-bek,-0.648998187130331
48,dwellingHouse/townhouse,-0.355278785994528
48,bedrooms2,0.222675148868677
48,bedrooms3,0.363759150189194
48,amenities_10,0.1812964412351
49,(Intercept),-1.3831548610077
49,areaYarra,-0.400943155991516
49,areaYarra Ranges,-0.406305543655788
49,areaPort Phillip,-0.851979215781796
49,areaStonnington,-0.989314307032042
49,areaMerri-bek,-0.0916366834056407
49,dwellingHouse/townhouse,0.0414486945409225
49,bedrooms2,0.0713111580009514
49,bedrooms3,0.0969076233062476
49,amenities_10,0.0913774003588929
50,(Intercept),-1.914046941693
50,areaYarra,-0.501798940016509
50,areaYarra Ranges,-0.290807378086469
50,areaPort Phillip,-1.0103320902871
50,areaStonnington,-1.25332791200435
50,areaMerri-bek,-0.464615048908634
50,dwellingHouse/townhouse,-0.367934867657888
50,bedrooms2,0.168516051435339
50,bedrooms3,0.3609890790501
50,amenities_10,0.217497768822993
