split,train_listings,train_hosts,test_listings,test_hosts,converged,iterations,nobs,coefficient_count,has_na_coefficients,warning_count,baseline_reconstruction_max_difference,full_score_reconstruction_max_difference
1,2706,1208,1167,518,TRUE,4,2706,10,FALSE,0,4.44089209850063e-16,2.22044604925031e-15
2,2810,1208,1063,518,TRUE,4,2810,10,FALSE,0,4.44089209850063e-16,1.55431223447522e-15
3,2646,1208,1227,518,TRUE,4,2646,10,FALSE,0,4.9960036108132e-16,1.60982338570648e-15
4,2557,1208,1316,518,TRUE,4,2557,10,FALSE,0,4.44089209850063e-16,1.88737914186277e-15
5,2821,1208,1052,518,TRUE,4,2821,10,FALSE,0,4.44089209850063e-16,2.22044604925031e-15
6,2763,1208,1110,518,TRUE,4,2763,10,FALSE,0,4.9960036108132e-16,2.16493489801906e-15
7,2585,1208,1288,518,TRUE,5,2585,10,FALSE,0,4.9960036108132e-16,2.16493489801906e-15
8,2653,1208,1220,518,TRUE,4,2653,10,FALSE,0,4.44089209850063e-16,1.88737914186277e-15
9,2701,1208,1172,518,TRUE,4,2701,10,FALSE,0,4.9960036108132e-16,1.60982338570648e-15
10,2619,1208,1254,518,TRUE,4,2619,10,FALSE,0,4.71844785465692e-16,8.88178419700125e-16
11,2708,1208,1165,518,TRUE,4,2708,10,FALSE,0,4.71844785465692e-16,1.83186799063151e-15
12,2810,1208,1063,518,TRUE,4,2810,10,FALSE,0,4.71844785465692e-16,2.27595720048157e-15
13,2639,1208,1234,518,TRUE,4,2639,10,FALSE,0,5.27355936696949e-16,1.22124532708767e-15
14,2792,1208,1081,518,TRUE,4,2792,10,FALSE,0,5.27355936696949e-16,9.99200722162641e-16
15,2719,1208,1154,518,TRUE,4,2719,10,FALSE,0,4.44089209850063e-16,1.83186799063151e-15
16,2678,1208,1195,518,TRUE,4,2678,10,FALSE,0,4.44089209850063e-16,1.72084568816899e-15
17,2873,1208,1000,518,TRUE,4,2873,10,FALSE,0,4.44089209850063e-16,2.05391259555654e-15
18,2831,1208,1042,518,TRUE,4,2831,10,FALSE,0,4.9960036108132e-16,1.11022302462516e-15
19,2603,1208,1270,518,TRUE,4,2603,10,FALSE,0,4.9960036108132e-16,9.99200722162641e-16
20,2515,1208,1358,518,TRUE,4,2515,10,FALSE,0,4.9960036108132e-16,9.99200722162641e-16
21,2759,1208,1114,518,TRUE,4,2759,10,FALSE,0,3.88578058618805e-16,1.38777878078145e-15
22,2647,1208,1226,518,TRUE,4,2647,10,FALSE,0,4.44089209850063e-16,2.38697950294409e-15
23,2767,1208,1106,518,TRUE,4,2767,10,FALSE,0,5.27355936696949e-16,1.60982338570648e-15
24,2712,1208,1161,518,TRUE,4,2712,10,FALSE,0,4.71844785465692e-16,1.22124532708767e-15
25,2642,1208,1231,518,TRUE,4,2642,10,FALSE,0,4.71844785465692e-16,1.55431223447522e-15
26,2694,1208,1179,518,TRUE,4,2694,10,FALSE,0,4.44089209850063e-16,3.49720252756924e-15
27,2646,1208,1227,518,TRUE,4,2646,10,FALSE,0,4.85722573273506e-16,1.33226762955019e-15
28,2756,1208,1117,518,TRUE,4,2756,10,FALSE,0,4.44089209850063e-16,1.33226762955019e-15
29,2717,1208,1156,518,TRUE,4,2717,10,FALSE,0,4.9960036108132e-16,1.4432899320127e-15
30,2773,1208,1100,518,TRUE,4,2773,10,FALSE,0,4.9960036108132e-16,1.27675647831893e-15
31,2482,1208,1391,518,TRUE,4,2482,10,FALSE,0,4.9960036108132e-16,2.55351295663786e-15
32,2639,1208,1234,518,TRUE,4,2639,10,FALSE,0,4.9960036108132e-16,8.88178419700125e-16
33,2699,1208,1174,518,TRUE,4,2699,10,FALSE,0,4.9960036108132e-16,9.99200722162641e-16
34,2446,1208,1427,518,TRUE,4,2446,10,FALSE,0,4.9960036108132e-16,8.32667268468867e-16
35,2593,1208,1280,518,TRUE,4,2593,10,FALSE,0,4.9960036108132e-16,3.05311331771918e-15
36,2844,1208,1029,518,TRUE,4,2844,10,FALSE,0,4.44089209850063e-16,1.66533453693773e-15
37,2627,1208,1246,518,TRUE,4,2627,10,FALSE,0,4.57966997657877e-16,2.60902410786912e-15
38,2583,1208,1290,518,TRUE,4,2583,10,FALSE,0,4.44089209850063e-16,1.11022302462516e-15
39,2588,1208,1285,518,TRUE,4,2588,10,FALSE,0,4.9960036108132e-16,1.22124532708767e-15
40,2818,1208,1055,518,TRUE,4,2818,10,FALSE,0,4.71844785465692e-16,6.93889390390723e-16
41,2874,1208,999,518,TRUE,4,2874,10,FALSE,0,5.27355936696949e-16,2.1094237467878e-15
42,2638,1208,1235,518,TRUE,4,2638,10,FALSE,0,4.9960036108132e-16,1.0547118733939e-15
43,2620,1208,1253,518,TRUE,4,2620,10,FALSE,0,4.9960036108132e-16,1.55431223447522e-15
44,2649,1208,1224,518,TRUE,4,2649,10,FALSE,0,4.9960036108132e-16,2.16493489801906e-15
45,2643,1208,1230,518,TRUE,4,2643,10,FALSE,0,4.9960036108132e-16,1.99840144432528e-15
46,2777,1208,1096,518,TRUE,4,2777,10,FALSE,0,3.60822483003176e-16,1.55431223447522e-15
47,2579,1208,1294,518,TRUE,4,2579,10,FALSE,0,4.71844785465692e-16,1.49880108324396e-15
48,2823,1208,1050,518,TRUE,4,2823,10,FALSE,0,4.9960036108132e-16,2.4980018054066e-15
49,2763,1208,1110,518,TRUE,4,2763,10,FALSE,0,4.44089209850063e-16,1.33226762955019e-15
50,2603,1208,1270,518,TRUE,4,2603,10,FALSE,0,4.9960036108132e-16,2.38697950294409e-15
