scope,fraction,model,metric,splits,n_finite,mean,median,p05,p95,min,max
all_eligible,0.1,baseline,expected_target_selected,50,50,38.5063976421146,37.2649253731343,27.2651918158568,50.3103733641263,22.1908831908832,57.0232558139533
all_eligible,0.1,baseline,precision,50,50,0.324656603934472,0.321409594586118,0.23973965639875,0.44177118542881,0.203586084320029,0.513723025350931
all_eligible,0.1,baseline,quota,50,50,118.84,119,103.9,134.2,100,143
all_eligible,0.1,baseline,recall,50,50,0.130884035236026,0.12679433263733,0.109688838288176,0.157741075518722,0.0997069358515143,0.175997703129485
all_eligible,0.1,full,expected_target_selected,50,50,57.46,57.5,24.15,83.2,14,97
all_eligible,0.1,full,precision,50,50,0.483492269656849,0.504304952535139,0.210381355932203,0.687870012870013,0.128440366972477,0.782258064516129
all_eligible,0.1,full,quota,50,50,118.84,119,103.9,134.2,100,143
all_eligible,0.1,full,recall,50,50,0.193736188389515,0.20067260913573,0.102456614221082,0.27282340016479,0.0714285714285714,0.294117647058824
all_eligible,0.1,property_only,expected_target_selected,50,50,41.5189206349206,41.0714285714286,29.05625,54,24.8571428571429,60.625
all_eligible,0.1,property_only,precision,50,50,0.349714870098044,0.349399922570654,0.25126,0.484107142857143,0.234501347708895,0.488911290322581
all_eligible,0.1,property_only,quota,50,50,118.84,119,103.9,134.2,100,143
all_eligible,0.1,property_only,recall,50,50,0.142570333690613,0.142203626550516,0.0997999789451521,0.184586232862484,0.0948948948948949,0.218181818181818
all_eligible,0.25,baseline,expected_target_selected,50,50,94.5941945646721,95.6051906293063,68.8728682592371,123.450201323773,54.4985754985756,125.625514403292
all_eligible,0.25,baseline,precision,50,50,0.319577426126226,0.322328086164043,0.233807958066105,0.403782511556624,0.20110175460729,0.450374584053687
all_eligible,0.25,baseline,quota,50,50,296.46,297,259.35,335.05,250,357
all_eligible,0.25,baseline,recall,50,50,0.320762504475694,0.319589534658355,0.284020585234871,0.352929937089338,0.27608159022996,0.386432513478164
all_eligible,0.25,full,expected_target_selected,50,50,128.52,130,89.45,168.7,54,187
all_eligible,0.25,full,precision,50,50,0.434213324410896,0.441267247639797,0.298663529827584,0.555497734585331,0.199261992619926,0.59469696969697
all_eligible,0.25,full,quota,50,50,296.46,297,259.35,335.05,250,357
all_eligible,0.25,full,recall,50,50,0.435471865862172,0.43777844899192,0.344138024174488,0.527545080370959,0.275510204081633,0.551204819277108
all_eligible,0.25,property_only,expected_target_selected,50,50,101.522719798309,97.4313725490196,77.24,141.760243407708,63.4,151
all_eligible,0.25,property_only,precision,50,50,0.342574004623805,0.331130596326649,0.250723897121444,0.440103430584864,0.233948339483395,0.543165467625899
all_eligible,0.25,property_only,quota,50,50,296.46,297,259.35,335.05,250,357
all_eligible,0.25,property_only,recall,50,50,0.345150834024255,0.335108050887418,0.29096225598611,0.423697214583186,0.249534450651769,0.466049382716049
all_eligible,0.5,baseline,expected_target_selected,50,50,181.775073878135,182.988998849776,135.963962264151,232.453999387067,108.222222222222,239.794666666667
all_eligible,0.5,baseline,precision,50,50,0.30721536125234,0.313747899448344,0.23175947552052,0.372125501664575,0.200041076196344,0.403711173860427
all_eligible,0.5,baseline,quota,50,50,592.4,594,517.7,669.55,500,714
all_eligible,0.5,baseline,recall,50,50,0.616512548340668,0.61662438617314,0.567126877347834,0.66713554039201,0.536838978015448,0.691542288557213
all_eligible,0.5,full,expected_target_selected,50,50,216.42,215,165.1,267,134,278
all_eligible,0.5,full,precision,50,50,0.366108088550455,0.365097701855721,0.288323267417822,0.441218796992481,0.247689463955638,0.461261261261261
all_eligible,0.5,full,quota,50,50,592.4,594,517.7,669.55,500,714
all_eligible,0.5,full,recall,50,50,0.736583468587117,0.73807158584669,0.656103800400042,0.798887073718603,0.641693811074919,0.829268292682927
all_eligible,0.5,property_only,expected_target_selected,50,50,182.499153487379,182.25,136.134090909091,237.246923076923,112.5,264.65
all_eligible,0.5,property_only,precision,50,50,0.308394725830441,0.314980350113662,0.229384299370605,0.387891325152828,0.207948243992606,0.422730422730423
all_eligible,0.5,property_only,quota,50,50,592.4,594,517.7,669.55,500,714
all_eligible,0.5,property_only,recall,50,50,0.618512063935152,0.615734070301826,0.566578367518875,0.683959040832828,0.521548284118117,0.724121557454891
priority_fixed_quota,0.1,baseline,expected_target_selected,50,50,16.763344155506,16.8529389261756,11.3642018069102,22.6027762984456,9.889164598842,25.3090595340812
priority_fixed_quota,0.1,baseline,precision,50,50,0.32435289657104,0.331411558849969,0.232240060985557,0.398500104140757,0.201819685690653,0.43318492860924
priority_fixed_quota,0.1,baseline,quota,50,50,51.64,51,41.45,63,37,64
priority_fixed_quota,0.1,baseline,recall,50,50,0.103082782861217,0.10322494037906,0.101445940382203,0.104786307043089,0.10133813064816,0.104966751471072
priority_fixed_quota,0.1,full,expected_target_selected,50,50,28.33,27.5,12,43,7,45
priority_fixed_quota,0.1,full,precision,50,50,0.544727095579567,0.54582651391162,0.252222222222222,0.774229691876751,0.142857142857143,0.826086956521739
priority_fixed_quota,0.1,full,quota,50,50,51.64,51,41.45,63,37,64
priority_fixed_quota,0.1,full,recall,50,50,0.171493509446292,0.178441127694859,0.0922781680978402,0.226974285341339,0.0736842105263158,0.238461538461538
priority_fixed_quota,0.1,property_only,expected_target_selected,50,50,19.7310976800977,19.3666666666667,13.9107142857143,26.425,11.3333333333333,32.5
priority_fixed_quota,0.1,property_only,precision,50,50,0.382032582705537,0.385366912722536,0.268287037037037,0.48960299744898,0.251851851851852,0.548076923076923
priority_fixed_quota,0.1,property_only,quota,50,50,51.64,51,41.45,63,37,64
priority_fixed_quota,0.1,property_only,recall,50,50,0.124629366617562,0.120445998199057,0.0867041198501873,0.185771158665895,0.0750551876379691,0.2
priority_fixed_quota,0.25,baseline,expected_target_selected,50,50,41.041130363249,41.2450427539437,27.6054094195274,55.8586716111305,24.0086389118647,61.9902674719586
priority_fixed_quota,0.25,baseline,precision,50,50,0.324269107917818,0.32971135613759,0.231082151085328,0.398764903063328,0.201753268166931,0.431844539770228
priority_fixed_quota,0.25,baseline,quota,50,50,126.4,125,100.9,154.55,90,157
priority_fixed_quota,0.25,baseline,recall,50,50,0.252124745005857,0.25195190604115,0.250611296016331,0.253706528450829,0.25,0.254583639819595
priority_fixed_quota,0.25,full,expected_target_selected,50,50,63.03,60.5,30.45,96.65,22,101
priority_fixed_quota,0.25,full,precision,50,50,0.496158948206191,0.497706422018349,0.26900641025641,0.670408163265306,0.184873949579832,0.76
priority_fixed_quota,0.25,full,quota,50,50,126.4,125,100.9,154.55,90,157
priority_fixed_quota,0.25,full,recall,50,50,0.382916679903324,0.384166666666667,0.247082166199813,0.4962792345854,0.221311475409836,0.550561797752809
priority_fixed_quota,0.25,property_only,expected_target_selected,50,50,48.8865764929945,46.9384615384615,34.7234126984127,64.2508928571428,29.5714285714286,89.3650793650794
priority_fixed_quota,0.25,property_only,precision,50,50,0.386142887753612,0.390547232740909,0.286008172499769,0.4793796875,0.263681592039801,0.569204327166111
priority_fixed_quota,0.25,property_only,quota,50,50,126.4,125,100.9,154.55,90,157
priority_fixed_quota,0.25,property_only,recall,50,50,0.304816992867109,0.303665861787982,0.229719317356572,0.393620918649696,0.195837275307474,0.435164835164835
priority_fixed_quota,0.5,baseline,expected_target_selected,50,50,81.6348835373568,82.328320802005,54.7313805273888,110.975,47.8129767484607,123.263157894737
priority_fixed_quota,0.5,baseline,precision,50,50,0.324255934830615,0.329963944199854,0.231096352438771,0.399127935156798,0.201742517925994,0.431916457843224
priority_fixed_quota,0.5,baseline,quota,50,50,251.42,249,200.35,307.65,178,312
priority_fixed_quota,0.5,baseline,recall,50,50,0.501425277325241,0.501198056343589,0.5,0.502966605162914,0.5,0.503819332249243
priority_fixed_quota,0.5,full,expected_target_selected,50,50,108.34,106,70.45,152.65,59,158
priority_fixed_quota,0.5,full,precision,50,50,0.430960271442175,0.432522087561993,0.307019704433498,0.54926932397013,0.248945147679325,0.606425702811245
priority_fixed_quota,0.5,full,quota,50,50,251.42,249,200.35,307.65,178,312
priority_fixed_quota,0.5,full,recall,50,50,0.666750136307202,0.665229885057471,0.557069672131147,0.766370131689549,0.496732026143791,0.807486631016043
priority_fixed_quota,0.5,property_only,expected_target_selected,50,50,92.549626308277,87.5865800865801,65.0528656126482,136.663965517241,56.3,158.333333333333
priority_fixed_quota,0.5,property_only,precision,50,50,0.367430220667294,0.35605511240029,0.253610248447205,0.491067074032355,0.237552742616034,0.576835515082527
priority_fixed_quota,0.5,property_only,quota,50,50,251.42,249,200.35,307.65,178,312
priority_fixed_quota,0.5,property_only,recall,50,50,0.569921758252857,0.561238628145103,0.478044548044548,0.683999125874126,0.398954703832753,0.717436974789916
priority_pool,0.1,baseline,expected_target_selected,50,50,16.5278518837217,16.077696756349,10.8842307692308,23.5052727272727,9.72972972972973,27.3809523809524
priority_pool,0.1,baseline,precision,50,50,0.326544060159667,0.316040024257125,0.242913992297818,0.465564240351734,0.204301075268817,0.547619047619047
priority_pool,0.1,baseline,quota,50,50,50.66,50,40.45,62,36,63
priority_pool,0.1,baseline,recall,50,50,0.102416735686175,0.102271879299489,0.0752227417443077,0.126744361934612,0.0728455284552844,0.13869885982562
priority_pool,0.1,full,expected_target_selected,50,50,27.24,27,11.45,40.55,6,44
priority_pool,0.1,full,precision,50,50,0.533786747249978,0.531372549019608,0.252393617021277,0.782,0.125,0.822222222222222
priority_pool,0.1,full,quota,50,50,50.66,50,40.45,62,36,63
priority_pool,0.1,full,recall,50,50,0.164518283142332,0.169540229885057,0.104847371396269,0.221957013574661,0.0631578947368421,0.226993865030675
priority_pool,0.1,property_only,expected_target_selected,50,50,17.1085985680986,17.5227272727273,9.5625,24,8.66666666666667,30.4
priority_pool,0.1,property_only,precision,50,50,0.336818945038583,0.334229390681004,0.204082491582492,0.472947845804989,0.166666666666667,0.509615384615385
priority_pool,0.1,property_only,quota,50,50,50.66,50,40.45,62,36,63
priority_pool,0.1,property_only,recall,50,50,0.107138764127264,0.100766283524904,0.0655181223599946,0.164972265418343,0.05,0.176923076923077
priority_pool,0.25,baseline,expected_target_selected,50,50,40.7122757254233,39.6772043931795,27.6827487473157,55.2657407407407,23.9230769230769,63.2678132678132
priority_pool,0.25,baseline,precision,50,50,0.323690975723328,0.322328086164043,0.23895029892347,0.434961672473867,0.203269110048771,0.501912144702841
priority_pool,0.25,baseline,quota,50,50,125.72,124.5,100.45,154.1,89,156
priority_pool,0.25,baseline,recall,50,50,0.251234099402295,0.247953882829749,0.214891179839634,0.29164705033591,0.204270414993307,0.2998712998713
priority_pool,0.25,full,expected_target_selected,50,50,61.8,61,28.625,94.2,21,100
priority_pool,0.25,full,precision,50,50,0.489137638724886,0.50765639589169,0.262793393219357,0.675281355932203,0.177966101694915,0.776
priority_pool,0.25,full,quota,50,50,125.72,124.5,100.45,154.1,89,156
priority_pool,0.25,full,recall,50,50,0.375142779230877,0.379953840395891,0.239775910364146,0.502161587526577,0.19672131147541,0.539325842696629
priority_pool,0.25,property_only,expected_target_selected,50,50,46.0369305080884,45.05,30.05,63.7333333333333,28,82
priority_pool,0.25,property_only,precision,50,50,0.365202640537449,0.354013742249036,0.264741676234214,0.501555357142857,0.248073959938367,0.525641025641026
priority_pool,0.25,property_only,quota,50,50,125.72,124.5,100.45,154.1,89,156
priority_pool,0.25,property_only,recall,50,50,0.285505016707251,0.281825030650219,0.20903819743369,0.365318447445313,0.188888888888889,0.420879120879121
priority_pool,0.5,baseline,expected_target_selected,50,50,80.3806401556163,80.5467647856754,56.7202343300749,110.006158977691,47.2,118.874692874693
priority_pool,0.5,baseline,precision,50,50,0.320052270921262,0.322328086164043,0.2375688423003,0.407315013183916,0.201349654739485,0.455090439276487
priority_pool,0.5,baseline,quota,50,50,250.98,248.5,199.9,307.65,178,311
priority_pool,0.5,baseline,recall,50,50,0.494876786170666,0.49743194852562,0.450529694403187,0.52660450931005,0.441264162194395,0.530759330759331
priority_pool,0.5,full,expected_target_selected,50,50,108.47,107,70.9,153.2,60,166
priority_pool,0.5,full,precision,50,50,0.432000368898401,0.431766676519854,0.295238095238095,0.555526296130285,0.254237288135593,0.606425702811245
priority_pool,0.5,full,quota,50,50,250.98,248.5,199.9,307.65,178,311
priority_pool,0.5,full,recall,50,50,0.667071817237358,0.663888888888889,0.575814734347225,0.766121714643304,0.509803921568627,0.807486631016043
priority_pool,0.5,property_only,expected_target_selected,50,50,91.1508940319936,86.1111111111111,66.3435064935065,131.958214285714,53.4615384615385,141.571428571429
priority_pool,0.5,property_only,precision,50,50,0.362922517656171,0.354294539910118,0.265396314637888,0.466273829832546,0.226531942633638,0.566285714285714
priority_pool,0.5,property_only,quota,50,50,250.98,248.5,199.9,307.65,178,311
priority_pool,0.5,property_only,recall,50,50,0.56280145727468,0.555932038766784,0.47891899288451,0.692466986794718,0.398632478632479,0.704545454545455
