design,split,seed,train_hosts,test_hosts,train_listings,test_listings,quota,logistic_precision,segment_precision,precision_difference_pp,logistic_auc,segment_auc,auc_difference,logistic_brier,segment_brier,brier_difference,logistic_expected_positive,segment_expected_positive
host_fold,0,,1395,331,3155,718,180,0.483333333333333,0.356490649064906,12.6842684268427,0.791535495939411,0.683895656538005,0.107639839401405,0.141009249077308,0.16080484920333,-0.0197956001260219,87,64.1683168316832
host_fold,1,,1350,376,3059,814,204,0.553921568627451,0.399849170437405,15.4072398190046,0.708683830988248,0.572119133549095,0.136564697439153,0.206138278569619,0.222466390269614,-0.0163281116999951,113,81.5692307692309
host_fold,2,,1397,329,3113,760,190,0.568421052631579,0.458207787125808,11.021326550577,0.783128339839115,0.681662697730751,0.101465642108364,0.171079561556355,0.203259918160084,-0.0321803566037285,108,87.0594795539032
host_fold,3,,1394,332,3124,749,188,0.25,0.219983312473926,3.00166875260745,0.598641524736415,0.546801202232718,0.0518403225036974,0.169797909665907,0.16265702272464,0.00714088694126763,47,41.3568627450981
host_fold,4,,1368,358,3041,832,208,0.427884615384615,0.240635619400678,18.7248995983937,0.680537601396115,0.56180315418673,0.118734447209385,0.167219032990024,0.1809859743769,-0.0137669413868761,89,50.0522088353413
repeated_host_split,1,30006,1208,518,2706,1167,292,0.445205479452055,0.290528166434693,15.4677313017361,0.72796891473379,0.600024298234054,0.127944616499736,0.160734000622252,0.175737174886908,-0.0150031742646565,130,84.8342245989306
repeated_host_split,2,30007,1208,518,2810,1063,266,0.451127819548872,0.306736228325919,14.4391591222953,0.728696615147576,0.606001733352593,0.122694881794983,0.162670179649584,0.179876222704244,-0.0172060430546604,120,81.591836734694
repeated_host_split,3,30008,1208,518,2646,1227,307,0.374592833876222,0.292029515389217,8.25633184870044,0.722825072436714,0.635306506724237,0.087518565712477,0.15278572804687,0.162321810426252,-0.00953608237938156,115,89.6530612244898
repeated_host_split,4,30009,1208,518,2557,1316,329,0.483282674772037,0.350638297872345,13.2644376899692,0.695542380324989,0.552694060166886,0.142848320158103,0.191795763657479,0.210201613460246,-0.0184058498027667,159,115.36
repeated_host_split,5,30010,1208,518,2821,1052,263,0.460076045627376,0.323529411764707,13.6546633862669,0.746130291322651,0.631594829505261,0.11453546181739,0.157416870669061,0.175957456964477,-0.0185405862954164,121,85.0882352941176
repeated_host_split,6,30011,1208,518,2763,1110,278,0.464028776978417,0.380237596666185,8.37911803122318,0.720547694535387,0.637395029855081,0.0831526646803059,0.180570325576436,0.198716830724135,-0.0181465051476988,129,105.706051873199
repeated_host_split,7,30012,1208,518,2585,1288,322,0.428571428571429,0.336070747206405,9.2500681365024,0.681348820707421,0.580929242445277,0.100419578262144,0.182245379386619,0.193072999904134,-0.0108276205175155,138,108.214780600462
repeated_host_split,8,30013,1208,518,2653,1220,305,0.462295081967213,0.358594847775174,10.3700234192039,0.729725158854248,0.642280253062323,0.0874449057919243,0.169229621652339,0.185353009694436,-0.0161233880420971,141,109.371428571428
repeated_host_split,9,30014,1208,518,2701,1172,293,0.303754266211604,0.256254759822864,4.74995063887404,0.661981822979526,0.583935701277409,0.0780461217021167,0.174311038924515,0.170126029500401,0.00418500942411423,89,75.0826446280992
repeated_host_split,10,30015,1208,518,2619,1254,314,0.557324840764331,0.370195220713194,18.7129620051137,0.76498872388409,0.647325973035517,0.117662750848573,0.161230818117494,0.185536166980513,-0.0243053488630195,175,116.241299303944
repeated_host_split,11,30016,1208,518,2708,1165,292,0.393835616438356,0.275955299206921,11.7880317231435,0.702323461292071,0.585571379293352,0.116752081998719,0.165780984763407,0.179162926406008,-0.0133819416426013,115,80.5789473684211
repeated_host_split,12,30017,1208,518,2810,1063,266,0.530075187969925,0.404919957551534,12.5155230418391,0.713167306709739,0.610724704563809,0.10244260214593,0.198721981560904,0.213910718166688,-0.0151887366057845,141,107.708708708709
repeated_host_split,13,30018,1208,518,2639,1234,309,0.365695792880259,0.227707773875921,13.7988019004338,0.691740318174514,0.563448095773743,0.128292222400771,0.161242070574173,0.170962291141588,-0.00972022056741431,113,70.3617021276596
repeated_host_split,14,30019,1208,518,2792,1081,271,0.199261992619926,0.201101754607289,-0.183976198736241,0.607433990545371,0.547725700449671,0.0597082900956993,0.180136591887596,0.16466170274452,0.0154748891430758,54,54.4985754985756
repeated_host_split,15,30020,1208,518,2719,1154,289,0.408304498269896,0.28835978835979,11.9944709910106,0.725084516565247,0.620683111954459,0.104401404610788,0.155242808682989,0.168379065103081,-0.0131362564200929,118,83.335978835979
repeated_host_split,16,30021,1208,518,2678,1195,299,0.324414715719064,0.253831178555387,7.05835371636771,0.671671365385914,0.583260179620501,0.088411185765413,0.164382656954887,0.170577196906644,-0.00619453995175667,97,75.8955223880598
repeated_host_split,17,30022,1208,518,2873,1000,250,0.508,0.369302325581394,13.8697674418606,0.720812597667989,0.590772929438634,0.130039668229354,0.196275148458753,0.208028567621907,-0.011753419163154,127,92.3255813953489
repeated_host_split,18,30023,1208,518,2831,1042,261,0.509578544061303,0.402392299785067,10.7186244276236,0.74957263369133,0.658260247500836,0.091312386190494,0.168469363810196,0.188701286912716,-0.0202319231025207,133,105.024390243902
repeated_host_split,19,30024,1208,518,2603,1270,318,0.374213836477987,0.259879846052755,11.4333990425232,0.729666446924141,0.598202800913271,0.131463646010869,0.140713031827558,0.162228232186413,-0.0215152003588544,119,82.6417910447762
repeated_host_split,20,30025,1208,518,2515,1358,340,0.441176470588235,0.290697674418607,15.0478796169628,0.678202513966481,0.573291899441341,0.10491061452514,0.179148530643293,0.19246040160287,-0.0133118709595769,150,98.8372093023257
repeated_host_split,21,30026,1208,518,2759,1114,279,0.544802867383513,0.340743814034964,20.4059053348549,0.765529697030297,0.609972336099723,0.155557360930574,0.162416616729714,0.188583211929348,-0.0261665951996336,152,95.0675241157554
repeated_host_split,22,30027,1208,518,2647,1226,307,0.407166123778502,0.316822045003558,9.03440787749435,0.660826631411427,0.58828637557464,0.0725402558367861,0.180369520373866,0.186217714398229,-0.00584819402436229,125,97.2643678160922
repeated_host_split,23,30028,1208,518,2767,1106,277,0.418772563176895,0.369725936848524,4.90466263283711,0.653061018536459,0.594004311180004,0.0590567073564555,0.198264841182777,0.200999923418475,-0.00273508223569827,116,102.414084507042
repeated_host_split,24,30029,1208,518,2712,1161,291,0.553264604810997,0.429274635460205,12.3989969350792,0.721761996660371,0.615875899920615,0.105886096739755,0.196219625497403,0.217672239472567,-0.0214526139751641,161,124.918918918919
repeated_host_split,25,30030,1208,518,2642,1231,308,0.418831168831169,0.330354955018027,8.84762138131415,0.678275229992391,0.593485854603306,0.0847893753890848,0.180036885236491,0.187343031822858,-0.0073061465863665,129,101.749326145552
repeated_host_split,26,30031,1208,518,2694,1179,295,0.440677966101695,0.32700684227002,11.3671123831675,0.661137363473622,0.576280829413598,0.0848565340600245,0.190244124821146,0.197130717300459,-0.00688659247931339,130,96.467018469657
repeated_host_split,27,30032,1208,518,2646,1227,307,0.342019543973941,0.261480648840242,8.05388951336995,0.657435747755707,0.581208683716454,0.0762270640392534,0.172992325765866,0.172459814582629,0.000532511183237022,105,80.2745591939546
repeated_host_split,28,30033,1208,518,2756,1117,280,0.471428571428571,0.314432989690723,15.6995581737849,0.725570195555185,0.602501772088563,0.123068423466622,0.168896170180409,0.18776705938752,-0.0188708892071109,132,88.0412371134021
repeated_host_split,29,30034,1208,518,2717,1156,289,0.231833910034602,0.234099416808998,-0.226550677439635,0.633269102673899,0.573032638690646,0.0602364639832524,0.182415715117743,0.167489636821419,0.0149260782963237,67,67.6547314578004
repeated_host_split,30,30035,1208,518,2773,1100,275,0.549090909090909,0.360377259627982,18.8713649462927,0.79327221843647,0.644880020228774,0.148392198207696,0.159216515304489,0.184274628214847,-0.0250581129103582,151,99.1037463976948
repeated_host_split,31,30036,1208,518,2482,1391,348,0.396551724137931,0.360992857480725,3.55588666572061,0.679013218077726,0.604783587382183,0.0742296306955423,0.191487300877036,0.196669342344386,-0.00518204146734971,138,125.625514403292
repeated_host_split,32,30037,1208,518,2639,1234,309,0.592233009708738,0.344226470490109,24.8006539218629,0.795357705767638,0.631653554350439,0.163704151417199,0.158857364264109,0.188399150615352,-0.0295417863512431,183,106.365979381443
repeated_host_split,33,30038,1208,518,2699,1174,294,0.343537414965986,0.292993571054799,5.05438439111878,0.675764546406786,0.600055454003985,0.0757090924028014,0.172569132458566,0.173568913232786,-0.000999780774219555,101,86.1401098901099
repeated_host_split,34,30039,1208,518,2446,1427,357,0.523809523809524,0.340770593951867,18.3038929857657,0.715258277685721,0.605816457140589,0.109441820545132,0.177872503128739,0.192987777374192,-0.0151152742454539,187,121.655102040816
repeated_host_split,35,30040,1208,518,2593,1280,320,0.465625,0.355656934306572,10.9968065693428,0.68933489394778,0.609224864580403,0.0801100293673765,0.1857248971936,0.198063836329591,-0.0123389391359909,149,113.810218978102
repeated_host_split,36,30041,1208,518,2844,1029,258,0.465116279069768,0.295353870935265,16.9762408134502,0.738722828990959,0.604724602988009,0.13399822600295,0.154725215103263,0.174136732098916,-0.0194115169956532,120,76.2012987012987
repeated_host_split,37,30042,1208,518,2627,1246,312,0.445512820512821,0.320165276490577,12.5347544022243,0.722791246887632,0.58981708981709,0.132974157070543,0.1735644925999,0.193766093523301,-0.0202016009234012,139,99.8915662650605
repeated_host_split,38,30043,1208,518,2583,1290,323,0.405572755417957,0.274930747922437,13.0642007495519,0.719962136923944,0.601826148921009,0.118135988002935,0.15429149113667,0.17066984878327,-0.0163783576466002,131,88.8026315789476
repeated_host_split,39,30044,1208,518,2588,1285,322,0.481366459627329,0.347669238973586,13.3697220653743,0.74404254081514,0.621240030506328,0.122802510308812,0.161313894885834,0.181736416133118,-0.0204225212472844,155,111.949494949495
repeated_host_split,40,30045,1208,518,2818,1055,264,0.59469696969697,0.32112676056338,27.357020913359,0.781054914343786,0.613719058507549,0.167335855836237,0.162412169777086,0.190653384950933,-0.0282412151738473,157,84.7774647887326
repeated_host_split,41,30046,1208,518,2874,999,250,0.36,0.264123076923075,9.58769230769247,0.699020089697119,0.580687473121583,0.118332616575536,0.155898602950176,0.165286579471041,-0.00938797652086451,90,66.0307692307692
repeated_host_split,42,30047,1208,518,2638,1235,309,0.294498381877023,0.233569491821919,6.09288900551037,0.658264054825435,0.572825401566441,0.0854386532589937,0.1710226209229,0.165332823667384,0.00568979725551588,91,72.1729729729729
repeated_host_split,43,30048,1208,518,2620,1253,314,0.366242038216561,0.335568219912841,3.067381830372,0.665693370336958,0.606210961979464,0.0594824083574936,0.177845592992064,0.18220668822788,-0.00436109523581596,115,105.368421052632
repeated_host_split,44,30049,1208,518,2649,1224,306,0.366013071895425,0.259542312112948,10.6470759782477,0.698537740706415,0.585039645762537,0.113498094943878,0.155919422020612,0.165633576018213,-0.00971415399760048,112,79.4199475065618
repeated_host_split,45,30050,1208,518,2643,1230,308,0.425324675324675,0.302476971649906,12.284770367477,0.683703228965636,0.590695840654434,0.0930073883112019,0.171717753668146,0.181108309575454,-0.00939055590730739,131,93.1629072681706
repeated_host_split,46,30051,1208,518,2777,1096,274,0.361313868613139,0.343323975294776,1.79898933183629,0.645771175860683,0.586353922004274,0.0594172538564084,0.195531472743424,0.195085354466397,0.000446118277027119,99,94.0707692307691
repeated_host_split,47,30052,1208,518,2579,1294,324,0.441358024691358,0.302045777340762,13.9312247350596,0.741434695036926,0.604835683175816,0.13659901186111,0.151765745061009,0.172676206099547,-0.0209104610385376,143,97.862831858407
repeated_host_split,48,30053,1208,518,2823,1050,263,0.513307984790874,0.365562194459535,14.774579033134,0.775124162841448,0.647725562495297,0.127398600346151,0.159856086257404,0.1831660878742,-0.0233100016167957,135,96.1428571428572
repeated_host_split,49,30054,1208,518,2763,1110,278,0.546762589928058,0.450374584053687,9.63880058743703,0.766115351993215,0.678910250369114,0.0872051016241008,0.173400661907409,0.19863233679052,-0.025231674883111,152,125.204134366925
repeated_host_split,50,30055,1208,518,2603,1270,318,0.459119496855346,0.345117147003939,11.4002349851407,0.705066455604568,0.609633247428485,0.0954332081760825,0.175435290656026,0.187508863400191,-0.012073572744165,146,109.747252747253
